Country_KR,Country,Country_Code,Series_Code,Indicator_Name,Signal_KR,Latest_Year,Latest_Value,WDI_Coverage_2019_2025,Score_Direction,Need_Weight,Latest_Value_Display
베트남,Viet Nam,VNM,NY.GDP.PCAP.CD,GDP per capita,소득수준,2025.0,5065.99091899299,7,lower_is_higher_need,0.25,"$5,066"
베트남,Viet Nam,VNM,SI.POV.DDAY,Poverty rate,빈곤,2022.0,1.6,2,higher_is_higher_need,0.15,1.6%
베트남,Viet Nam,VNM,SP.DYN.LE00.IN,Life expectancy,보건·생활여건,2024.0,74.736,6,lower_is_higher_need,0.1,74.7 years
베트남,Viet Nam,VNM,SE.SEC.ENRR,Secondary enrollment,교육,2022.0,93.4123434096522,4,lower_is_higher_need,0.15,93.4%
베트남,Viet Nam,VNM,EG.ELC.ACCS.ZS,Access to electricity,전력접근,2023.0,99.8,5,lower_is_higher_need,0.15,99.8%
베트남,Viet Nam,VNM,IT.NET.USER.ZS,Internet users,디지털접근,2024.0,84.15,6,lower_is_higher_need,0.15,84.2%
베트남,Viet Nam,VNM,SL.UEM.TOTL.ZS,Unemployment,고용,2025.0,1.523,7,higher_is_higher_need,0.05,1.5%
베트남,Viet Nam,VNM,SP.URB.TOTL.IN.ZS,Urban population,도시화,2025.0,38.8299160351294,7,context,0.0,38.8%
베트남,Viet Nam,VNM,SP.POP.TOTL,Population,인구규모,2025.0,101598527.0,7,context,0.0,101.6M
베트남,Viet Nam,VNM,EN.GHG.CO2.PC.CE.AR5,CO2 per capita,탄소배출,2024.0,4.26605675468195,6,context,0.0,4.27 tCO2e/cap
라오스,Lao PDR,LAO,NY.GDP.PCAP.CD,GDP per capita,소득수준,2025.0,2324.76353098791,7,lower_is_higher_need,0.25,"$2,325"
라오스,Lao PDR,LAO,SI.POV.DDAY,Poverty rate,빈곤,2024.0,7.1,1,higher_is_higher_need,0.15,7.1%
라오스,Lao PDR,LAO,SP.DYN.LE00.IN,Life expectancy,보건·생활여건,2024.0,69.225,6,lower_is_higher_need,0.1,69.2 years
라오스,Lao PDR,LAO,SE.SEC.ENRR,Secondary enrollment,교육,2025.0,50.5430058959811,7,lower_is_higher_need,0.15,50.5%
라오스,Lao PDR,LAO,EG.ELC.ACCS.ZS,Access to electricity,전력접근,2023.0,96.5,5,lower_is_higher_need,0.15,96.5%
라오스,Lao PDR,LAO,IT.NET.USER.ZS,Internet users,디지털접근,2024.0,65.59269714,6,lower_is_higher_need,0.15,65.6%
라오스,Lao PDR,LAO,SL.UEM.TOTL.ZS,Unemployment,고용,2025.0,1.187,7,higher_is_higher_need,0.05,1.2%
라오스,Lao PDR,LAO,SP.URB.TOTL.IN.ZS,Urban population,도시화,2025.0,40.3129835040701,7,context,0.0,40.3%
라오스,Lao PDR,LAO,SP.POP.TOTL,Population,인구규모,2025.0,7873046.0,7,context,0.0,7.9M
라오스,Lao PDR,LAO,EN.GHG.CO2.PC.CE.AR5,CO2 per capita,탄소배출,2024.0,3.35435098295083,6,context,0.0,3.35 tCO2e/cap
인도네시아,Indonesia,IDN,NY.GDP.PCAP.CD,GDP per capita,소득수준,2025.0,5059.62596411213,7,lower_is_higher_need,0.25,"$5,060"
인도네시아,Indonesia,IDN,SI.POV.DDAY,Poverty rate,빈곤,2025.0,4.0,7,higher_is_higher_need,0.15,4.0%
인도네시아,Indonesia,IDN,SP.DYN.LE00.IN,Life expectancy,보건·생활여건,2024.0,71.288,6,lower_is_higher_need,0.1,71.3 years
인도네시아,Indonesia,IDN,SE.SEC.ENRR,Secondary enrollment,교육,2025.0,97.1701841816,7,lower_is_higher_need,0.15,97.2%
인도네시아,Indonesia,IDN,EG.ELC.ACCS.ZS,Access to electricity,전력접근,2023.0,99.4,5,lower_is_higher_need,0.15,99.4%
인도네시아,Indonesia,IDN,IT.NET.USER.ZS,Internet users,디지털접근,2024.0,72.78075544,6,lower_is_higher_need,0.15,72.8%
인도네시아,Indonesia,IDN,SL.UEM.TOTL.ZS,Unemployment,고용,2025.0,3.237,7,higher_is_higher_need,0.05,3.2%
인도네시아,Indonesia,IDN,SP.URB.TOTL.IN.ZS,Urban population,도시화,2025.0,59.3929063969984,7,context,0.0,59.4%
인도네시아,Indonesia,IDN,SP.POP.TOTL,Population,인구규모,2025.0,285721236.0,7,context,0.0,285.7M
인도네시아,Indonesia,IDN,EN.GHG.CO2.PC.CE.AR5,CO2 per capita,탄소배출,2024.0,2.86503978188758,6,context,0.0,2.87 tCO2e/cap
캄보디아,Cambodia,KHM,NY.GDP.PCAP.CD,GDP per capita,소득수준,2025.0,2872.42926639909,7,lower_is_higher_need,0.25,"$2,872"
캄보디아,Cambodia,KHM,SI.POV.DDAY,Poverty rate,빈곤,,,0,higher_is_higher_need,0.15,N/A
캄보디아,Cambodia,KHM,SP.DYN.LE00.IN,Life expectancy,보건·생활여건,2024.0,70.817,6,lower_is_higher_need,0.1,70.8 years
캄보디아,Cambodia,KHM,SE.SEC.ENRR,Secondary enrollment,교육,2024.0,58.7893230437643,6,lower_is_higher_need,0.15,58.8%
캄보디아,Cambodia,KHM,EG.ELC.ACCS.ZS,Access to electricity,전력접근,2023.0,95.0,5,lower_is_higher_need,0.15,95.0%
캄보디아,Cambodia,KHM,IT.NET.USER.ZS,Internet users,디지털접근,2024.0,68.47530365,6,lower_is_higher_need,0.15,68.5%
캄보디아,Cambodia,KHM,SL.UEM.TOTL.ZS,Unemployment,고용,2025.0,0.263,7,higher_is_higher_need,0.05,0.3%
캄보디아,Cambodia,KHM,SP.URB.TOTL.IN.ZS,Urban population,도시화,2025.0,41.10561939401,7,context,0.0,41.1%
캄보디아,Cambodia,KHM,SP.POP.TOTL,Population,인구규모,2025.0,17847982.0,7,context,0.0,17.8M
캄보디아,Cambodia,KHM,EN.GHG.CO2.PC.CE.AR5,CO2 per capita,탄소배출,2024.0,1.10207037315065,6,context,0.0,1.10 tCO2e/cap
필리핀,Philippines,PHL,NY.GDP.PCAP.CD,GDP per capita,소득수준,2025.0,4170.72347271451,7,lower_is_higher_need,0.25,"$4,171"
필리핀,Philippines,PHL,SI.POV.DDAY,Poverty rate,빈곤,2023.0,5.3,2,higher_is_higher_need,0.15,5.3%
필리핀,Philippines,PHL,SP.DYN.LE00.IN,Life expectancy,보건·생활여건,2024.0,69.946,6,lower_is_higher_need,0.1,69.9 years
필리핀,Philippines,PHL,SE.SEC.ENRR,Secondary enrollment,교육,2024.0,85.2945085684493,6,lower_is_higher_need,0.15,85.3%
필리핀,Philippines,PHL,EG.ELC.ACCS.ZS,Access to electricity,전력접근,2023.0,98.0,5,lower_is_higher_need,0.15,98.0%
필리핀,Philippines,PHL,IT.NET.USER.ZS,Internet users,디지털접근,2024.0,67.26300914,6,lower_is_higher_need,0.15,67.3%
필리핀,Philippines,PHL,SL.UEM.TOTL.ZS,Unemployment,고용,2025.0,2.235,7,higher_is_higher_need,0.05,2.2%
필리핀,Philippines,PHL,SP.URB.TOTL.IN.ZS,Urban population,도시화,2025.0,55.7732907605332,7,context,0.0,55.8%
필리핀,Philippines,PHL,SP.POP.TOTL,Population,인구규모,2025.0,116786962.0,7,context,0.0,116.8M
필리핀,Philippines,PHL,EN.GHG.CO2.PC.CE.AR5,CO2 per capita,탄소배출,2024.0,1.5030109111702,6,context,0.0,1.50 tCO2e/cap
탄자니아,Tanzania,TZA,NY.GDP.PCAP.CD,GDP per capita,소득수준,2025.0,1318.81921386719,7,lower_is_higher_need,0.25,"$1,319"
탄자니아,Tanzania,TZA,SI.POV.DDAY,Poverty rate,빈곤,,,0,higher_is_higher_need,0.15,N/A
탄자니아,Tanzania,TZA,SP.DYN.LE00.IN,Life expectancy,보건·생활여건,2024.0,67.212,6,lower_is_higher_need,0.1,67.2 years
탄자니아,Tanzania,TZA,SE.SEC.ENRR,Secondary enrollment,교육,2021.0,28.231330871582,3,lower_is_higher_need,0.15,28.2%
탄자니아,Tanzania,TZA,EG.ELC.ACCS.ZS,Access to electricity,전력접근,2023.0,48.3,5,lower_is_higher_need,0.15,48.3%
탄자니아,Tanzania,TZA,IT.NET.USER.ZS,Internet users,디지털접근,2024.0,31.16209984,6,lower_is_higher_need,0.15,31.2%
탄자니아,Tanzania,TZA,SL.UEM.TOTL.ZS,Unemployment,고용,2025.0,1.572,7,higher_is_higher_need,0.05,1.6%
탄자니아,Tanzania,TZA,SP.URB.TOTL.IN.ZS,Urban population,도시화,2025.0,36.8833115936643,7,context,0.0,36.9%
탄자니아,Tanzania,TZA,SP.POP.TOTL,Population,인구규모,2025.0,70545865.0,7,context,0.0,70.5M
탄자니아,Tanzania,TZA,EN.GHG.CO2.PC.CE.AR5,CO2 per capita,탄소배출,2024.0,0.311205530057348,6,context,0.0,0.31 tCO2e/cap
몽골,Mongolia,MNG,NY.GDP.PCAP.CD,GDP per capita,소득수준,2025.0,7108.22743246244,7,lower_is_higher_need,0.25,"$7,108"
몽골,Mongolia,MNG,SI.POV.DDAY,Poverty rate,빈곤,2022.0,0.4,1,higher_is_higher_need,0.15,0.4%
몽골,Mongolia,MNG,SP.DYN.LE00.IN,Life expectancy,보건·생활여건,2024.0,72.3980487804878,6,lower_is_higher_need,0.1,72.4 years
몽골,Mongolia,MNG,SE.SEC.ENRR,Secondary enrollment,교육,2023.0,96.8181201904352,5,lower_is_higher_need,0.15,96.8%
몽골,Mongolia,MNG,EG.ELC.ACCS.ZS,Access to electricity,전력접근,2023.0,100.0,5,lower_is_higher_need,0.15,100.0%
몽골,Mongolia,MNG,IT.NET.USER.ZS,Internet users,디지털접근,2024.0,85.12349701,6,lower_is_higher_need,0.15,85.1%
몽골,Mongolia,MNG,SL.UEM.TOTL.ZS,Unemployment,고용,2025.0,5.233,7,higher_is_higher_need,0.05,5.2%
몽골,Mongolia,MNG,SP.URB.TOTL.IN.ZS,Urban population,도시화,2025.0,71.1450719126123,7,context,0.0,71.1%
몽골,Mongolia,MNG,SP.POP.TOTL,Population,인구규모,2025.0,3568978.0,7,context,0.0,3.6M
몽골,Mongolia,MNG,EN.GHG.CO2.PC.CE.AR5,CO2 per capita,탄소배출,2024.0,7.84665630954259,6,context,0.0,7.85 tCO2e/cap
가나,Ghana,GHA,NY.GDP.PCAP.CD,GDP per capita,소득수준,2025.0,3257.1588903576,7,lower_is_higher_need,0.25,"$3,257"
가나,Ghana,GHA,SI.POV.DDAY,Poverty rate,빈곤,,,0,higher_is_higher_need,0.15,N/A
가나,Ghana,GHA,SP.DYN.LE00.IN,Life expectancy,보건·생활여건,2024.0,65.695,6,lower_is_higher_need,0.1,65.7 years
가나,Ghana,GHA,SE.SEC.ENRR,Secondary enrollment,교육,2024.0,75.7174682617188,5,lower_is_higher_need,0.15,75.7%
가나,Ghana,GHA,EG.ELC.ACCS.ZS,Access to electricity,전력접근,2023.0,89.5,5,lower_is_higher_need,0.15,89.5%
가나,Ghana,GHA,IT.NET.USER.ZS,Internet users,디지털접근,2024.0,72.17569733,6,lower_is_higher_need,0.15,72.2%
가나,Ghana,GHA,SL.UEM.TOTL.ZS,Unemployment,고용,2025.0,2.979,7,higher_is_higher_need,0.05,3.0%
가나,Ghana,GHA,SP.URB.TOTL.IN.ZS,Urban population,도시화,2025.0,58.9246861473125,7,context,0.0,58.9%
가나,Ghana,GHA,SP.POP.TOTL,Population,인구규모,2025.0,35064272.0,7,context,0.0,35.1M
가나,Ghana,GHA,EN.GHG.CO2.PC.CE.AR5,CO2 per capita,탄소배출,2024.0,0.702085843566409,6,context,0.0,0.70 tCO2e/cap
우즈베키스탄,Uzbekistan,UZB,NY.GDP.PCAP.CD,GDP per capita,소득수준,2025.0,3968.2720079072,7,lower_is_higher_need,0.25,"$3,968"
우즈베키스탄,Uzbekistan,UZB,SI.POV.DDAY,Poverty rate,빈곤,2025.0,2.3,5,higher_is_higher_need,0.15,2.3%
우즈베키스탄,Uzbekistan,UZB,SP.DYN.LE00.IN,Life expectancy,보건·생활여건,2024.0,72.528,6,lower_is_higher_need,0.1,72.5 years
우즈베키스탄,Uzbekistan,UZB,SE.SEC.ENRR,Secondary enrollment,교육,2025.0,98.1198414913864,7,lower_is_higher_need,0.15,98.1%
우즈베키스탄,Uzbekistan,UZB,EG.ELC.ACCS.ZS,Access to electricity,전력접근,2023.0,100.0,5,lower_is_higher_need,0.15,100.0%
우즈베키스탄,Uzbekistan,UZB,IT.NET.USER.ZS,Internet users,디지털접근,2024.0,89.50550079,6,lower_is_higher_need,0.15,89.5%
우즈베키스탄,Uzbekistan,UZB,SL.UEM.TOTL.ZS,Unemployment,고용,2025.0,4.622,7,higher_is_higher_need,0.05,4.6%
우즈베키스탄,Uzbekistan,UZB,SP.URB.TOTL.IN.ZS,Urban population,도시화,2025.0,51.0173495084299,7,context,0.0,51.0%
우즈베키스탄,Uzbekistan,UZB,SP.POP.TOTL,Population,인구규모,2025.0,37053428.0,7,context,0.0,37.1M
우즈베키스탄,Uzbekistan,UZB,EN.GHG.CO2.PC.CE.AR5,CO2 per capita,탄소배출,2024.0,4.08501666540206,6,context,0.0,4.09 tCO2e/cap
우간다,Uganda,UGA,NY.GDP.PCAP.CD,GDP per capita,소득수준,2025.0,1206.30450825002,7,lower_is_higher_need,0.25,"$1,206"
우간다,Uganda,UGA,SI.POV.DDAY,Poverty rate,빈곤,2019.0,59.8,1,higher_is_higher_need,0.15,59.8%
우간다,Uganda,UGA,SP.DYN.LE00.IN,Life expectancy,보건·생활여건,2024.0,68.487,6,lower_is_higher_need,0.1,68.5 years
우간다,Uganda,UGA,SE.SEC.ENRR,Secondary enrollment,교육,,,0,lower_is_higher_need,0.15,N/A
우간다,Uganda,UGA,EG.ELC.ACCS.ZS,Access to electricity,전력접근,2023.0,51.5,5,lower_is_higher_need,0.15,51.5%
우간다,Uganda,UGA,IT.NET.USER.ZS,Internet users,디지털접근,2024.0,8.949831061,6,lower_is_higher_need,0.15,8.9%
우간다,Uganda,UGA,SL.UEM.TOTL.ZS,Unemployment,고용,2025.0,2.746,7,higher_is_higher_need,0.05,2.7%
우간다,Uganda,UGA,SP.URB.TOTL.IN.ZS,Urban population,도시화,2025.0,31.9399557536617,7,context,0.0,31.9%
우간다,Uganda,UGA,SP.POP.TOTL,Population,인구규모,2025.0,51384894.0,7,context,0.0,51.4M
우간다,Uganda,UGA,EN.GHG.CO2.PC.CE.AR5,CO2 per capita,탄소배출,2024.0,0.165048181856788,6,context,0.0,0.17 tCO2e/cap
르완다,Rwanda,RWA,NY.GDP.PCAP.CD,GDP per capita,소득수준,2025.0,1123.73874633225,7,lower_is_higher_need,0.25,"$1,124"
르완다,Rwanda,RWA,SI.POV.DDAY,Poverty rate,빈곤,2023.0,38.6,1,higher_is_higher_need,0.15,38.6%
르완다,Rwanda,RWA,SP.DYN.LE00.IN,Life expectancy,보건·생활여건,2024.0,68.017,6,lower_is_higher_need,0.1,68.0 years
르완다,Rwanda,RWA,SE.SEC.ENRR,Secondary enrollment,교육,2024.0,48.790277194547,5,lower_is_higher_need,0.15,48.8%
르완다,Rwanda,RWA,EG.ELC.ACCS.ZS,Access to electricity,전력접근,2023.0,63.9,5,lower_is_higher_need,0.15,63.9%
르완다,Rwanda,RWA,IT.NET.USER.ZS,Internet users,디지털접근,2024.0,31.70330048,6,lower_is_higher_need,0.15,31.7%
르완다,Rwanda,RWA,SL.UEM.TOTL.ZS,Unemployment,고용,2025.0,11.363,7,higher_is_higher_need,0.05,11.4%
르완다,Rwanda,RWA,SP.URB.TOTL.IN.ZS,Urban population,도시화,2025.0,30.9133840928162,7,context,0.0,30.9%
르완다,Rwanda,RWA,SP.POP.TOTL,Population,인구규모,2025.0,14569341.0,7,context,0.0,14.6M
르완다,Rwanda,RWA,EN.GHG.CO2.PC.CE.AR5,CO2 per capita,탄소배출,2024.0,0.162128792997641,6,context,0.0,0.16 tCO2e/cap
에티오피아,Ethiopia,ETH,NY.GDP.PCAP.CD,GDP per capita,소득수준,2025.0,932.729352775179,7,lower_is_higher_need,0.25,$933
에티오피아,Ethiopia,ETH,SI.POV.DDAY,Poverty rate,빈곤,2021.0,38.6,1,higher_is_higher_need,0.15,38.6%
에티오피아,Ethiopia,ETH,SP.DYN.LE00.IN,Life expectancy,보건·생활여건,2024.0,67.603,6,lower_is_higher_need,0.1,67.6 years
에티오피아,Ethiopia,ETH,SE.SEC.ENRR,Secondary enrollment,교육,,,0,lower_is_higher_need,0.15,N/A
에티오피아,Ethiopia,ETH,EG.ELC.ACCS.ZS,Access to electricity,전력접근,2023.0,55.4,5,lower_is_higher_need,0.15,55.4%
에티오피아,Ethiopia,ETH,IT.NET.USER.ZS,Internet users,디지털접근,2024.0,21.94129944,6,lower_is_higher_need,0.15,21.9%
에티오피아,Ethiopia,ETH,SL.UEM.TOTL.ZS,Unemployment,고용,2025.0,3.323,7,higher_is_higher_need,0.05,3.3%
에티오피아,Ethiopia,ETH,SP.URB.TOTL.IN.ZS,Urban population,도시화,2025.0,24.1096952088946,7,context,0.0,24.1%
에티오피아,Ethiopia,ETH,SP.POP.TOTL,Population,인구규모,2025.0,135472051.0,7,context,0.0,135.5M
에티오피아,Ethiopia,ETH,EN.GHG.CO2.PC.CE.AR5,CO2 per capita,탄소배출,2024.0,0.146636636122491,6,context,0.0,0.15 tCO2e/cap
네팔,Nepal,NPL,NY.GDP.PCAP.CD,GDP per capita,소득수준,2025.0,1535.87781246307,7,lower_is_higher_need,0.25,"$1,536"
네팔,Nepal,NPL,SI.POV.DDAY,Poverty rate,빈곤,2022.0,2.4,1,higher_is_higher_need,0.15,2.4%
네팔,Nepal,NPL,SP.DYN.LE00.IN,Life expectancy,보건·생활여건,2024.0,70.636,6,lower_is_higher_need,0.1,70.6 years
네팔,Nepal,NPL,SE.SEC.ENRR,Secondary enrollment,교육,2024.0,90.3878462155916,6,lower_is_higher_need,0.15,90.4%
네팔,Nepal,NPL,EG.ELC.ACCS.ZS,Access to electricity,전력접근,2023.0,94.0,5,lower_is_higher_need,0.15,94.0%
네팔,Nepal,NPL,IT.NET.USER.ZS,Internet users,디지털접근,2024.0,46.32189941,6,lower_is_higher_need,0.15,46.3%
네팔,Nepal,NPL,SL.UEM.TOTL.ZS,Unemployment,고용,2025.0,10.465,7,higher_is_higher_need,0.05,10.5%
네팔,Nepal,NPL,SP.URB.TOTL.IN.ZS,Urban population,도시화,2025.0,66.999424884859,7,context,0.0,67.0%
네팔,Nepal,NPL,SP.POP.TOTL,Population,인구규모,2025.0,29618118.0,7,context,0.0,29.6M
네팔,Nepal,NPL,EN.GHG.CO2.PC.CE.AR5,CO2 per capita,탄소배출,2024.0,0.535964084109792,6,context,0.0,0.54 tCO2e/cap
카메룬,Cameroon,CMR,NY.GDP.PCAP.CD,GDP per capita,소득수준,2025.0,1972.3815800786,7,lower_is_higher_need,0.25,"$1,972"
카메룬,Cameroon,CMR,SI.POV.DDAY,Poverty rate,빈곤,2021.0,26.7,1,higher_is_higher_need,0.15,26.7%
카메룬,Cameroon,CMR,SP.DYN.LE00.IN,Life expectancy,보건·생활여건,2024.0,63.968,6,lower_is_higher_need,0.1,64.0 years
카메룬,Cameroon,CMR,SE.SEC.ENRR,Secondary enrollment,교육,2023.0,44.840795775403,3,lower_is_higher_need,0.15,44.8%
카메룬,Cameroon,CMR,EG.ELC.ACCS.ZS,Access to electricity,전력접근,2023.0,72.0,5,lower_is_higher_need,0.15,72.0%
카메룬,Cameroon,CMR,IT.NET.USER.ZS,Internet users,디지털접근,2024.0,46.25880051,6,lower_is_higher_need,0.15,46.3%
카메룬,Cameroon,CMR,SL.UEM.TOTL.ZS,Unemployment,고용,2025.0,3.602,7,higher_is_higher_need,0.05,3.6%
카메룬,Cameroon,CMR,SP.URB.TOTL.IN.ZS,Urban population,도시화,2025.0,55.6692041661323,7,context,0.0,55.7%
카메룬,Cameroon,CMR,SP.POP.TOTL,Population,인구규모,2025.0,29879337.0,7,context,0.0,29.9M
카메룬,Cameroon,CMR,EN.GHG.CO2.PC.CE.AR5,CO2 per capita,탄소배출,2024.0,0.353419532873246,6,context,0.0,0.35 tCO2e/cap
키르기스스탄,Kyrgyz Republic,KGZ,NY.GDP.PCAP.CD,GDP per capita,소득수준,2025.0,3080.96893823359,7,lower_is_higher_need,0.25,"$3,081"
키르기스스탄,Kyrgyz Republic,KGZ,SI.POV.DDAY,Poverty rate,빈곤,2024.0,2.2,6,higher_is_higher_need,0.15,2.2%
키르기스스탄,Kyrgyz Republic,KGZ,SP.DYN.LE00.IN,Life expectancy,보건·생활여건,2024.0,72.4,6,lower_is_higher_need,0.1,72.4 years
키르기스스탄,Kyrgyz Republic,KGZ,SE.SEC.ENRR,Secondary enrollment,교육,2025.0,91.7258848952929,6,lower_is_higher_need,0.15,91.7%
키르기스스탄,Kyrgyz Republic,KGZ,EG.ELC.ACCS.ZS,Access to electricity,전력접근,2023.0,100.0,5,lower_is_higher_need,0.15,100.0%
키르기스스탄,Kyrgyz Republic,KGZ,IT.NET.USER.ZS,Internet users,디지털접근,2024.0,92.0286026,6,lower_is_higher_need,0.15,92.0%
키르기스스탄,Kyrgyz Republic,KGZ,SL.UEM.TOTL.ZS,Unemployment,고용,2025.0,3.526,7,higher_is_higher_need,0.05,3.5%
키르기스스탄,Kyrgyz Republic,KGZ,SP.URB.TOTL.IN.ZS,Urban population,도시화,2025.0,34.7463537261057,7,context,0.0,34.7%
키르기스스탄,Kyrgyz Republic,KGZ,SP.POP.TOTL,Population,인구규모,2025.0,7343064.0,7,context,0.0,7.3M
키르기스스탄,Kyrgyz Republic,KGZ,EN.GHG.CO2.PC.CE.AR5,CO2 per capita,탄소배출,2024.0,1.48784220370685,6,context,0.0,1.49 tCO2e/cap
에콰도르,Ecuador,ECU,NY.GDP.PCAP.CD,GDP per capita,소득수준,2025.0,7125.27618527738,7,lower_is_higher_need,0.25,"$7,125"
에콰도르,Ecuador,ECU,SI.POV.DDAY,Poverty rate,빈곤,2025.0,3.4,7,higher_is_higher_need,0.15,3.4%
에콰도르,Ecuador,ECU,SP.DYN.LE00.IN,Life expectancy,보건·생활여건,2024.0,77.579,6,lower_is_higher_need,0.1,77.6 years
에콰도르,Ecuador,ECU,SE.SEC.ENRR,Secondary enrollment,교육,2023.0,92.8118025876465,5,lower_is_higher_need,0.15,92.8%
에콰도르,Ecuador,ECU,EG.ELC.ACCS.ZS,Access to electricity,전력접근,2023.0,98.7,5,lower_is_higher_need,0.15,98.7%
에콰도르,Ecuador,ECU,IT.NET.USER.ZS,Internet users,디지털접근,2024.0,77.17273115,6,lower_is_higher_need,0.15,77.2%
에콰도르,Ecuador,ECU,SL.UEM.TOTL.ZS,Unemployment,고용,2025.0,3.308,7,higher_is_higher_need,0.05,3.3%
에콰도르,Ecuador,ECU,SP.URB.TOTL.IN.ZS,Urban population,도시화,2025.0,63.3918189058262,7,context,0.0,63.4%
에콰도르,Ecuador,ECU,SP.POP.TOTL,Population,인구규모,2025.0,18289896.0,7,context,0.0,18.3M
에콰도르,Ecuador,ECU,EN.GHG.CO2.PC.CE.AR5,CO2 per capita,탄소배출,2024.0,2.64474970000791,6,context,0.0,2.64 tCO2e/cap
스리랑카,Sri Lanka,LKA,NY.GDP.PCAP.CD,GDP per capita,소득수준,2025.0,5002.07904353724,7,lower_is_higher_need,0.25,"$5,002"
스리랑카,Sri Lanka,LKA,SI.POV.DDAY,Poverty rate,빈곤,2019.0,2.7,1,higher_is_higher_need,0.15,2.7%
스리랑카,Sri Lanka,LKA,SP.DYN.LE00.IN,Life expectancy,보건·생활여건,2024.0,77.672,6,lower_is_higher_need,0.1,77.7 years
스리랑카,Sri Lanka,LKA,SE.SEC.ENRR,Secondary enrollment,교육,2023.0,87.9534065332114,3,lower_is_higher_need,0.15,88.0%
스리랑카,Sri Lanka,LKA,EG.ELC.ACCS.ZS,Access to electricity,전력접근,2023.0,100.0,5,lower_is_higher_need,0.15,100.0%
스리랑카,Sri Lanka,LKA,IT.NET.USER.ZS,Internet users,디지털접근,2024.0,54.59,6,lower_is_higher_need,0.15,54.6%
스리랑카,Sri Lanka,LKA,SL.UEM.TOTL.ZS,Unemployment,고용,2025.0,4.005,7,higher_is_higher_need,0.05,4.0%
스리랑카,Sri Lanka,LKA,SP.URB.TOTL.IN.ZS,Urban population,도시화,2025.0,20.4501355167937,7,context,0.0,20.5%
스리랑카,Sri Lanka,LKA,SP.POP.TOTL,Population,인구규모,2025.0,21756000.0,7,context,0.0,21.8M
스리랑카,Sri Lanka,LKA,EN.GHG.CO2.PC.CE.AR5,CO2 per capita,탄소배출,2024.0,1.06473352801606,6,context,0.0,1.06 tCO2e/cap
방글라데시,Bangladesh,BGD,NY.GDP.PCAP.CD,GDP per capita,소득수준,2025.0,2597.34352335275,7,lower_is_higher_need,0.25,"$2,597"
방글라데시,Bangladesh,BGD,SI.POV.DDAY,Poverty rate,빈곤,2022.0,5.9,1,higher_is_higher_need,0.15,5.9%
방글라데시,Bangladesh,BGD,SP.DYN.LE00.IN,Life expectancy,보건·생활여건,2024.0,74.93,6,lower_is_higher_need,0.1,74.9 years
방글라데시,Bangladesh,BGD,SE.SEC.ENRR,Secondary enrollment,교육,2024.0,64.2997191043961,6,lower_is_higher_need,0.15,64.3%
방글라데시,Bangladesh,BGD,EG.ELC.ACCS.ZS,Access to electricity,전력접근,2023.0,99.5,5,lower_is_higher_need,0.15,99.5%
방글라데시,Bangladesh,BGD,IT.NET.USER.ZS,Internet users,디지털접근,2024.0,53.42171316,6,lower_is_higher_need,0.15,53.4%
방글라데시,Bangladesh,BGD,SL.UEM.TOTL.ZS,Unemployment,고용,2025.0,3.778,7,higher_is_higher_need,0.05,3.8%
방글라데시,Bangladesh,BGD,SP.URB.TOTL.IN.ZS,Urban population,도시화,2025.0,33.2395847043975,7,context,0.0,33.2%
방글라데시,Bangladesh,BGD,SP.POP.TOTL,Population,인구규모,2025.0,175686899.0,7,context,0.0,175.7M
방글라데시,Bangladesh,BGD,EN.GHG.CO2.PC.CE.AR5,CO2 per capita,탄소배출,2024.0,0.715539343541092,6,context,0.0,0.72 tCO2e/cap
미얀마,Myanmar,MMR,NY.GDP.PCAP.CD,GDP per capita,소득수준,2025.0,1488.87527836542,7,lower_is_higher_need,0.25,"$1,489"
미얀마,Myanmar,MMR,SI.POV.DDAY,Poverty rate,빈곤,,,0,higher_is_higher_need,0.15,N/A
미얀마,Myanmar,MMR,SP.DYN.LE00.IN,Life expectancy,보건·생활여건,2024.0,67.095,6,lower_is_higher_need,0.1,67.1 years
미얀마,Myanmar,MMR,SE.SEC.ENRR,Secondary enrollment,교육,,,0,lower_is_higher_need,0.15,N/A
미얀마,Myanmar,MMR,EG.ELC.ACCS.ZS,Access to electricity,전력접근,2023.0,76.8,5,lower_is_higher_need,0.15,76.8%
미얀마,Myanmar,MMR,IT.NET.USER.ZS,Internet users,디지털접근,2020.0,45.4477005,2,lower_is_higher_need,0.15,45.4%
미얀마,Myanmar,MMR,SL.UEM.TOTL.ZS,Unemployment,고용,2025.0,3.047,7,higher_is_higher_need,0.05,3.0%
미얀마,Myanmar,MMR,SP.URB.TOTL.IN.ZS,Urban population,도시화,2025.0,30.5836915476767,7,context,0.0,30.6%
미얀마,Myanmar,MMR,SP.POP.TOTL,Population,인구규모,2025.0,54850648.0,7,context,0.0,54.9M
미얀마,Myanmar,MMR,EN.GHG.CO2.PC.CE.AR5,CO2 per capita,탄소배출,2024.0,0.575463259318228,6,context,0.0,0.58 tCO2e/cap
파라과이,Paraguay,PRY,NY.GDP.PCAP.CD,GDP per capita,소득수준,2025.0,7026.61906146401,7,lower_is_higher_need,0.25,"$7,027"
파라과이,Paraguay,PRY,SI.POV.DDAY,Poverty rate,빈곤,2024.0,2.1,6,higher_is_higher_need,0.15,2.1%
파라과이,Paraguay,PRY,SP.DYN.LE00.IN,Life expectancy,보건·생활여건,2024.0,73.982,6,lower_is_higher_need,0.1,74.0 years
파라과이,Paraguay,PRY,SE.SEC.ENRR,Secondary enrollment,교육,2024.0,79.1305613911018,5,lower_is_higher_need,0.15,79.1%
파라과이,Paraguay,PRY,EG.ELC.ACCS.ZS,Access to electricity,전력접근,2023.0,99.8,5,lower_is_higher_need,0.15,99.8%
파라과이,Paraguay,PRY,IT.NET.USER.ZS,Internet users,디지털접근,2024.0,81.57806793,6,lower_is_higher_need,0.15,81.6%
파라과이,Paraguay,PRY,SL.UEM.TOTL.ZS,Unemployment,고용,2025.0,4.803,7,higher_is_higher_need,0.05,4.8%
파라과이,Paraguay,PRY,SP.URB.TOTL.IN.ZS,Urban population,도시화,2025.0,70.3897639855864,7,context,0.0,70.4%
파라과이,Paraguay,PRY,SP.POP.TOTL,Population,인구규모,2025.0,7013078.0,7,context,0.0,7.0M
파라과이,Paraguay,PRY,EN.GHG.CO2.PC.CE.AR5,CO2 per capita,탄소배출,2024.0,1.1581935050359,6,context,0.0,1.16 tCO2e/cap
동티모르,Timor-Leste,TLS,NY.GDP.PCAP.CD,GDP per capita,소득수준,2025.0,1340.9640193437,7,lower_is_higher_need,0.25,"$1,341"
동티모르,Timor-Leste,TLS,SI.POV.DDAY,Poverty rate,빈곤,,,0,higher_is_higher_need,0.15,N/A
동티모르,Timor-Leste,TLS,SP.DYN.LE00.IN,Life expectancy,보건·생활여건,2024.0,67.904,6,lower_is_higher_need,0.1,67.9 years
동티모르,Timor-Leste,TLS,SE.SEC.ENRR,Secondary enrollment,교육,2020.0,84.7410404382553,2,lower_is_higher_need,0.15,84.7%
동티모르,Timor-Leste,TLS,EG.ELC.ACCS.ZS,Access to electricity,전력접근,2023.0,100.0,5,lower_is_higher_need,0.15,100.0%
동티모르,Timor-Leste,TLS,IT.NET.USER.ZS,Internet users,디지털접근,2021.0,35.04199982,3,lower_is_higher_need,0.15,35.0%
동티모르,Timor-Leste,TLS,SL.UEM.TOTL.ZS,Unemployment,고용,2025.0,1.592,7,higher_is_higher_need,0.05,1.6%
동티모르,Timor-Leste,TLS,SP.URB.TOTL.IN.ZS,Urban population,도시화,2025.0,28.7864318960935,7,context,0.0,28.8%
동티모르,Timor-Leste,TLS,SP.POP.TOTL,Population,인구규모,2025.0,1418517.0,7,context,0.0,1.4M
동티모르,Timor-Leste,TLS,EN.GHG.CO2.PC.CE.AR5,CO2 per capita,탄소배출,2024.0,0.499343870436187,6,context,0.0,0.50 tCO2e/cap
나이지리아,Nigeria,NGA,NY.GDP.PCAP.CD,GDP per capita,소득수준,2025.0,1224.25410237743,7,lower_is_higher_need,0.25,"$1,224"
나이지리아,Nigeria,NGA,SI.POV.DDAY,Poverty rate,빈곤,2022.0,41.8,1,higher_is_higher_need,0.15,41.8%
나이지리아,Nigeria,NGA,SP.DYN.LE00.IN,Life expectancy,보건·생활여건,2024.0,54.635,6,lower_is_higher_need,0.1,54.6 years
나이지리아,Nigeria,NGA,SE.SEC.ENRR,Secondary enrollment,교육,2023.0,46.8931503295898,3,lower_is_higher_need,0.15,46.9%
나이지리아,Nigeria,NGA,EG.ELC.ACCS.ZS,Access to electricity,전력접근,2023.0,61.2,5,lower_is_higher_need,0.15,61.2%
나이지리아,Nigeria,NGA,IT.NET.USER.ZS,Internet users,디지털접근,2024.0,41.21139908,6,lower_is_higher_need,0.15,41.2%
나이지리아,Nigeria,NGA,SL.UEM.TOTL.ZS,Unemployment,고용,2025.0,3.064,7,higher_is_higher_need,0.05,3.1%
나이지리아,Nigeria,NGA,SP.URB.TOTL.IN.ZS,Urban population,도시화,2025.0,63.7754180467872,7,context,0.0,63.8%
나이지리아,Nigeria,NGA,SP.POP.TOTL,Population,인구규모,2025.0,237527782.0,7,context,0.0,237.5M
나이지리아,Nigeria,NGA,EN.GHG.CO2.PC.CE.AR5,CO2 per capita,탄소배출,2024.0,0.566917637661195,6,context,0.0,0.57 tCO2e/cap
페루,Peru,PER,NY.GDP.PCAP.CD,GDP per capita,소득수준,2025.0,9684.41170314988,7,lower_is_higher_need,0.25,"$9,684"
페루,Peru,PER,SI.POV.DDAY,Poverty rate,빈곤,2024.0,5.1,6,higher_is_higher_need,0.15,5.1%
페루,Peru,PER,SP.DYN.LE00.IN,Life expectancy,보건·생활여건,2024.0,77.941,6,lower_is_higher_need,0.1,77.9 years
페루,Peru,PER,SE.SEC.ENRR,Secondary enrollment,교육,2024.0,108.289047241211,6,lower_is_higher_need,0.15,108.3%
페루,Peru,PER,EG.ELC.ACCS.ZS,Access to electricity,전력접근,2023.0,96.2,5,lower_is_higher_need,0.15,96.2%
페루,Peru,PER,IT.NET.USER.ZS,Internet users,디지털접근,2024.0,81.95705992,6,lower_is_higher_need,0.15,82.0%
페루,Peru,PER,SL.UEM.TOTL.ZS,Unemployment,고용,2025.0,5.117,7,higher_is_higher_need,0.05,5.1%
페루,Peru,PER,SP.URB.TOTL.IN.ZS,Urban population,도시화,2025.0,85.5963484845463,7,context,0.0,85.6%
페루,Peru,PER,SP.POP.TOTL,Population,인구규모,2025.0,34576665.0,7,context,0.0,34.6M
페루,Peru,PER,EN.GHG.CO2.PC.CE.AR5,CO2 per capita,탄소배출,2024.0,2.02424185179617,6,context,0.0,2.02 tCO2e/cap
볼리비아,Bolivia,BOL,NY.GDP.PCAP.CD,GDP per capita,소득수준,2025.0,5147.81081955367,7,lower_is_higher_need,0.25,"$5,148"
볼리비아,Bolivia,BOL,SI.POV.DDAY,Poverty rate,빈곤,2024.0,2.1,6,higher_is_higher_need,0.15,2.1%
볼리비아,Bolivia,BOL,SP.DYN.LE00.IN,Life expectancy,보건·생활여건,2024.0,68.739,6,lower_is_higher_need,0.1,68.7 years
볼리비아,Bolivia,BOL,SE.SEC.ENRR,Secondary enrollment,교육,2024.0,90.5272216796875,6,lower_is_higher_need,0.15,90.5%
볼리비아,Bolivia,BOL,EG.ELC.ACCS.ZS,Access to electricity,전력접근,2023.0,99.8,5,lower_is_higher_need,0.15,99.8%
볼리비아,Bolivia,BOL,IT.NET.USER.ZS,Internet users,디지털접근,2024.0,79.70469666,6,lower_is_higher_need,0.15,79.7%
볼리비아,Bolivia,BOL,SL.UEM.TOTL.ZS,Unemployment,고용,2025.0,2.967,7,higher_is_higher_need,0.05,3.0%
볼리비아,Bolivia,BOL,SP.URB.TOTL.IN.ZS,Urban population,도시화,2025.0,71.5631037265869,7,context,0.0,71.6%
볼리비아,Bolivia,BOL,SP.POP.TOTL,Population,인구규모,2025.0,12581843.0,7,context,0.0,12.6M
볼리비아,Bolivia,BOL,EN.GHG.CO2.PC.CE.AR5,CO2 per capita,탄소배출,2024.0,2.29073378062186,6,context,0.0,2.29 tCO2e/cap
케냐,Kenya,KEN,NY.GDP.PCAP.CD,GDP per capita,소득수준,2025.0,2362.86091198611,7,lower_is_higher_need,0.25,"$2,363"
케냐,Kenya,KEN,SI.POV.DDAY,Poverty rate,빈곤,2022.0,45.5,3,higher_is_higher_need,0.15,45.5%
케냐,Kenya,KEN,SP.DYN.LE00.IN,Life expectancy,보건·생활여건,2024.0,63.834,6,lower_is_higher_need,0.1,63.8 years
케냐,Kenya,KEN,SE.SEC.ENRR,Secondary enrollment,교육,2023.0,84.3083880306996,3,lower_is_higher_need,0.15,84.3%
케냐,Kenya,KEN,EG.ELC.ACCS.ZS,Access to electricity,전력접근,2023.0,76.2,5,lower_is_higher_need,0.15,76.2%
케냐,Kenya,KEN,IT.NET.USER.ZS,Internet users,디지털접근,2024.0,34.97622513,6,lower_is_higher_need,0.15,35.0%
케냐,Kenya,KEN,SL.UEM.TOTL.ZS,Unemployment,고용,2025.0,5.449,7,higher_is_higher_need,0.05,5.4%
케냐,Kenya,KEN,SP.URB.TOTL.IN.ZS,Urban population,도시화,2025.0,32.2121192871745,7,context,0.0,32.2%
케냐,Kenya,KEN,SP.POP.TOTL,Population,인구규모,2025.0,57532493.0,7,context,0.0,57.5M
케냐,Kenya,KEN,EN.GHG.CO2.PC.CE.AR5,CO2 per capita,탄소배출,2024.0,0.38344092060836,6,context,0.0,0.38 tCO2e/cap
콜롬비아,Colombia,COL,NY.GDP.PCAP.CD,GDP per capita,소득수준,2025.0,8561.62091854449,7,lower_is_higher_need,0.25,"$8,562"
콜롬비아,Colombia,COL,SI.POV.DDAY,Poverty rate,빈곤,2024.0,8.5,6,higher_is_higher_need,0.15,8.5%
콜롬비아,Colombia,COL,SP.DYN.LE00.IN,Life expectancy,보건·생활여건,2024.0,77.913,6,lower_is_higher_need,0.1,77.9 years
콜롬비아,Colombia,COL,SE.SEC.ENRR,Secondary enrollment,교육,2022.0,101.573776245117,4,lower_is_higher_need,0.15,101.6%
콜롬비아,Colombia,COL,EG.ELC.ACCS.ZS,Access to electricity,전력접근,2023.0,98.7,5,lower_is_higher_need,0.15,98.7%
콜롬비아,Colombia,COL,IT.NET.USER.ZS,Internet users,디지털접근,2024.0,79.34543299,6,lower_is_higher_need,0.15,79.3%
콜롬비아,Colombia,COL,SL.UEM.TOTL.ZS,Unemployment,고용,2025.0,8.29,7,higher_is_higher_need,0.05,8.3%
콜롬비아,Colombia,COL,SP.URB.TOTL.IN.ZS,Urban population,도시화,2025.0,78.7827914751151,7,context,0.0,78.8%
콜롬비아,Colombia,COL,SP.POP.TOTL,Population,인구규모,2025.0,53425635.0,7,context,0.0,53.4M
콜롬비아,Colombia,COL,EN.GHG.CO2.PC.CE.AR5,CO2 per capita,탄소배출,2024.0,1.79780371737796,6,context,0.0,1.80 tCO2e/cap
세네갈,Senegal,SEN,NY.GDP.PCAP.CD,GDP per capita,소득수준,2025.0,1954.71174194867,7,lower_is_higher_need,0.25,"$1,955"
세네갈,Senegal,SEN,SI.POV.DDAY,Poverty rate,빈곤,2021.0,17.9,1,higher_is_higher_need,0.15,17.9%
세네갈,Senegal,SEN,SP.DYN.LE00.IN,Life expectancy,보건·생활여건,2024.0,68.924,6,lower_is_higher_need,0.1,68.9 years
세네갈,Senegal,SEN,SE.SEC.ENRR,Secondary enrollment,교육,2023.0,44.0673682244069,5,lower_is_higher_need,0.15,44.1%
세네갈,Senegal,SEN,EG.ELC.ACCS.ZS,Access to electricity,전력접근,2023.0,74.2,5,lower_is_higher_need,0.15,74.2%
세네갈,Senegal,SEN,IT.NET.USER.ZS,Internet users,디지털접근,2024.0,60.11780167,6,lower_is_higher_need,0.15,60.1%
세네갈,Senegal,SEN,SL.UEM.TOTL.ZS,Unemployment,고용,2025.0,2.735,7,higher_is_higher_need,0.05,2.7%
세네갈,Senegal,SEN,SP.URB.TOTL.IN.ZS,Urban population,도시화,2025.0,55.7672494455246,7,context,0.0,55.8%
세네갈,Senegal,SEN,SP.POP.TOTL,Population,인구규모,2025.0,18931966.0,7,context,0.0,18.9M
세네갈,Senegal,SEN,EN.GHG.CO2.PC.CE.AR5,CO2 per capita,탄소배출,2024.0,0.767609570951958,6,context,0.0,0.77 tCO2e/cap
이집트,"Egypt, Arab Rep.",EGY,NY.GDP.PCAP.CD,GDP per capita,소득수준,2025.0,3085.80712036204,7,lower_is_higher_need,0.25,"$3,086"
이집트,"Egypt, Arab Rep.",EGY,SI.POV.DDAY,Poverty rate,빈곤,2021.0,1.4,2,higher_is_higher_need,0.15,1.4%
이집트,"Egypt, Arab Rep.",EGY,SP.DYN.LE00.IN,Life expectancy,보건·생활여건,2024.0,71.806,6,lower_is_higher_need,0.1,71.8 years
이집트,"Egypt, Arab Rep.",EGY,SE.SEC.ENRR,Secondary enrollment,교육,2024.0,84.8286031306453,5,lower_is_higher_need,0.15,84.8%
이집트,"Egypt, Arab Rep.",EGY,EG.ELC.ACCS.ZS,Access to electricity,전력접근,2023.0,100.0,5,lower_is_higher_need,0.15,100.0%
이집트,"Egypt, Arab Rep.",EGY,IT.NET.USER.ZS,Internet users,디지털접근,2024.0,74.64839935,6,lower_is_higher_need,0.15,74.6%
이집트,"Egypt, Arab Rep.",EGY,SL.UEM.TOTL.ZS,Unemployment,고용,2025.0,6.781,7,higher_is_higher_need,0.05,6.8%
이집트,"Egypt, Arab Rep.",EGY,SP.URB.TOTL.IN.ZS,Urban population,도시화,2025.0,42.9043204925248,7,context,0.0,42.9%
이집트,"Egypt, Arab Rep.",EGY,SP.POP.TOTL,Population,인구규모,2025.0,118365995.0,7,context,0.0,118.4M
이집트,"Egypt, Arab Rep.",EGY,EN.GHG.CO2.PC.CE.AR5,CO2 per capita,탄소배출,2024.0,2.50251380967098,6,context,0.0,2.50 tCO2e/cap
콩고민주공화국(DR콩고),"Congo, Dem. Rep.",COD,NY.GDP.PCAP.CD,GDP per capita,소득수준,2025.0,806.776000708534,7,lower_is_higher_need,0.25,$807
콩고민주공화국(DR콩고),"Congo, Dem. Rep.",COD,SI.POV.DDAY,Poverty rate,빈곤,2020.0,85.3,1,higher_is_higher_need,0.15,85.3%
콩고민주공화국(DR콩고),"Congo, Dem. Rep.",COD,SP.DYN.LE00.IN,Life expectancy,보건·생활여건,2024.0,62.074,6,lower_is_higher_need,0.1,62.1 years
콩고민주공화국(DR콩고),"Congo, Dem. Rep.",COD,SE.SEC.ENRR,Secondary enrollment,교육,2023.0,55.4860992431641,2,lower_is_higher_need,0.15,55.5%
콩고민주공화국(DR콩고),"Congo, Dem. Rep.",COD,EG.ELC.ACCS.ZS,Access to electricity,전력접근,2023.0,22.1,5,lower_is_higher_need,0.15,22.1%
콩고민주공화국(DR콩고),"Congo, Dem. Rep.",COD,IT.NET.USER.ZS,Internet users,디지털접근,2024.0,19.67350006,6,lower_is_higher_need,0.15,19.7%
콩고민주공화국(DR콩고),"Congo, Dem. Rep.",COD,SL.UEM.TOTL.ZS,Unemployment,고용,2025.0,4.434,7,higher_is_higher_need,0.05,4.4%
콩고민주공화국(DR콩고),"Congo, Dem. Rep.",COD,SP.URB.TOTL.IN.ZS,Urban population,도시화,2025.0,45.1135633042151,7,context,0.0,45.1%
콩고민주공화국(DR콩고),"Congo, Dem. Rep.",COD,SP.POP.TOTL,Population,인구규모,2025.0,112832473.0,7,context,0.0,112.8M
콩고민주공화국(DR콩고),"Congo, Dem. Rep.",COD,EN.GHG.CO2.PC.CE.AR5,CO2 per capita,탄소배출,2024.0,0.0568247825820182,6,context,0.0,0.06 tCO2e/cap
파키스탄,Pakistan,PAK,NY.GDP.PCAP.CD,GDP per capita,소득수준,2025.0,1595.90912252837,7,lower_is_higher_need,0.25,"$1,596"
파키스탄,Pakistan,PAK,SI.POV.DDAY,Poverty rate,빈곤,2024.0,23.0,1,higher_is_higher_need,0.15,23.0%
파키스탄,Pakistan,PAK,SP.DYN.LE00.IN,Life expectancy,보건·생활여건,2024.0,67.799,6,lower_is_higher_need,0.1,67.8 years
파키스탄,Pakistan,PAK,SE.SEC.ENRR,Secondary enrollment,교육,2024.0,48.2805022055997,5,lower_is_higher_need,0.15,48.3%
파키스탄,Pakistan,PAK,EG.ELC.ACCS.ZS,Access to electricity,전력접근,2023.0,95.6,5,lower_is_higher_need,0.15,95.6%
파키스탄,Pakistan,PAK,IT.NET.USER.ZS,Internet users,디지털접근,2024.0,57.253,3,lower_is_higher_need,0.15,57.3%
파키스탄,Pakistan,PAK,SL.UEM.TOTL.ZS,Unemployment,고용,2025.0,5.42,7,higher_is_higher_need,0.05,5.4%
파키스탄,Pakistan,PAK,SP.URB.TOTL.IN.ZS,Urban population,도시화,2025.0,39.5256010979606,7,context,0.0,39.5%
파키스탄,Pakistan,PAK,SP.POP.TOTL,Population,인구규모,2025.0,255219554.0,7,context,0.0,255.2M
파키스탄,Pakistan,PAK,EN.GHG.CO2.PC.CE.AR5,CO2 per capita,탄소배출,2024.0,0.811831809174961,6,context,0.0,0.81 tCO2e/cap
피지,Fiji,FJI,NY.GDP.PCAP.CD,GDP per capita,소득수준,2025.0,6642.00449450523,7,lower_is_higher_need,0.25,"$6,642"
피지,Fiji,FJI,SI.POV.DDAY,Poverty rate,빈곤,2019.0,4.7,1,higher_is_higher_need,0.15,4.7%
피지,Fiji,FJI,SP.DYN.LE00.IN,Life expectancy,보건·생활여건,2024.0,67.463,6,lower_is_higher_need,0.1,67.5 years
피지,Fiji,FJI,SE.SEC.ENRR,Secondary enrollment,교육,2024.0,98.0927630329298,6,lower_is_higher_need,0.15,98.1%
피지,Fiji,FJI,EG.ELC.ACCS.ZS,Access to electricity,전력접근,2023.0,99.3,5,lower_is_higher_need,0.15,99.3%
피지,Fiji,FJI,IT.NET.USER.ZS,Internet users,디지털접근,2024.0,74.7052002,6,lower_is_higher_need,0.15,74.7%
피지,Fiji,FJI,SL.UEM.TOTL.ZS,Unemployment,고용,2025.0,5.347,7,higher_is_higher_need,0.05,5.3%
피지,Fiji,FJI,SP.URB.TOTL.IN.ZS,Urban population,도시화,2025.0,59.5444551836369,7,context,0.0,59.5%
피지,Fiji,FJI,SP.POP.TOTL,Population,인구규모,2025.0,933154.0,7,context,0.0,0.9M
피지,Fiji,FJI,EN.GHG.CO2.PC.CE.AR5,CO2 per capita,탄소배출,2024.0,1.62222863442953,6,context,0.0,1.62 tCO2e/cap
요르단,Jordan,JOR,NY.GDP.PCAP.CD,GDP per capita,소득수준,2025.0,5347.77731384797,7,lower_is_higher_need,0.25,"$5,348"
요르단,Jordan,JOR,SI.POV.DDAY,Poverty rate,빈곤,,,0,higher_is_higher_need,0.15,N/A
요르단,Jordan,JOR,SP.DYN.LE00.IN,Life expectancy,보건·생활여건,2024.0,77.981,6,lower_is_higher_need,0.1,78.0 years
요르단,Jordan,JOR,SE.SEC.ENRR,Secondary enrollment,교육,2024.0,91.7518621587381,6,lower_is_higher_need,0.15,91.8%
요르단,Jordan,JOR,EG.ELC.ACCS.ZS,Access to electricity,전력접근,2023.0,100.0,5,lower_is_higher_need,0.15,100.0%
요르단,Jordan,JOR,IT.NET.USER.ZS,Internet users,디지털접근,2024.0,95.62244985,6,lower_is_higher_need,0.15,95.6%
요르단,Jordan,JOR,SL.UEM.TOTL.ZS,Unemployment,고용,2025.0,16.535,7,higher_is_higher_need,0.05,16.5%
요르단,Jordan,JOR,SP.URB.TOTL.IN.ZS,Urban population,도시화,2025.0,93.2085150119551,7,context,0.0,93.2%
요르단,Jordan,JOR,SP.POP.TOTL,Population,인구규모,2025.0,11520684.0,7,context,0.0,11.5M
요르단,Jordan,JOR,EN.GHG.CO2.PC.CE.AR5,CO2 per capita,탄소배출,2024.0,2.0898692239058,6,context,0.0,2.09 tCO2e/cap
이라크,Iraq,IRQ,NY.GDP.PCAP.CD,GDP per capita,소득수준,2025.0,5409.67899716967,7,lower_is_higher_need,0.25,"$5,410"
이라크,Iraq,IRQ,SI.POV.DDAY,Poverty rate,빈곤,2023.0,0.5,1,higher_is_higher_need,0.15,0.5%
이라크,Iraq,IRQ,SP.DYN.LE00.IN,Life expectancy,보건·생활여건,2024.0,72.424,6,lower_is_higher_need,0.1,72.4 years
이라크,Iraq,IRQ,SE.SEC.ENRR,Secondary enrollment,교육,,,0,lower_is_higher_need,0.15,N/A
이라크,Iraq,IRQ,EG.ELC.ACCS.ZS,Access to electricity,전력접근,2023.0,100.0,5,lower_is_higher_need,0.15,100.0%
이라크,Iraq,IRQ,IT.NET.USER.ZS,Internet users,디지털접근,2024.0,81.47450256,6,lower_is_higher_need,0.15,81.5%
이라크,Iraq,IRQ,SL.UEM.TOTL.ZS,Unemployment,고용,2025.0,15.485,7,higher_is_higher_need,0.05,15.5%
이라크,Iraq,IRQ,SP.URB.TOTL.IN.ZS,Urban population,도시화,2025.0,69.9396739468105,7,context,0.0,69.9%
이라크,Iraq,IRQ,SP.POP.TOTL,Population,인구규모,2025.0,47020774.0,7,context,0.0,47.0M
이라크,Iraq,IRQ,EN.GHG.CO2.PC.CE.AR5,CO2 per capita,탄소배출,2024.0,5.18375227496016,6,context,0.0,5.18 tCO2e/cap
도미니카공화국,Dominican Republic,DOM,NY.GDP.PCAP.CD,GDP per capita,소득수준,2025.0,11059.2081531834,7,lower_is_higher_need,0.25,"$11,059"
도미니카공화국,Dominican Republic,DOM,SI.POV.DDAY,Poverty rate,빈곤,2024.0,0.8,6,higher_is_higher_need,0.15,0.8%
도미니카공화국,Dominican Republic,DOM,SP.DYN.LE00.IN,Life expectancy,보건·생활여건,2024.0,73.868,6,lower_is_higher_need,0.1,73.9 years
도미니카공화국,Dominican Republic,DOM,SE.SEC.ENRR,Secondary enrollment,교육,2024.0,76.3648403372637,6,lower_is_higher_need,0.15,76.4%
도미니카공화국,Dominican Republic,DOM,EG.ELC.ACCS.ZS,Access to electricity,전력접근,2023.0,99.6,5,lower_is_higher_need,0.15,99.6%
도미니카공화국,Dominican Republic,DOM,IT.NET.USER.ZS,Internet users,디지털접근,2024.0,91.0022446,6,lower_is_higher_need,0.15,91.0%
도미니카공화국,Dominican Republic,DOM,SL.UEM.TOTL.ZS,Unemployment,고용,2025.0,5.092,7,higher_is_higher_need,0.05,5.1%
도미니카공화국,Dominican Republic,DOM,SP.URB.TOTL.IN.ZS,Urban population,도시화,2025.0,72.517694062591,7,context,0.0,72.5%
도미니카공화국,Dominican Republic,DOM,SP.POP.TOTL,Population,인구규모,2025.0,11520487.0,7,context,0.0,11.5M
도미니카공화국,Dominican Republic,DOM,EN.GHG.CO2.PC.CE.AR5,CO2 per capita,탄소배출,2024.0,2.99473457012728,6,context,0.0,2.99 tCO2e/cap
아제르바이잔,Azerbaijan,AZE,NY.GDP.PCAP.CD,GDP per capita,소득수준,2025.0,7410.72281660142,7,lower_is_higher_need,0.25,"$7,411"
아제르바이잔,Azerbaijan,AZE,SI.POV.DDAY,Poverty rate,빈곤,,,0,higher_is_higher_need,0.15,N/A
아제르바이잔,Azerbaijan,AZE,SP.DYN.LE00.IN,Life expectancy,보건·생활여건,2024.0,74.576,6,lower_is_higher_need,0.1,74.6 years
아제르바이잔,Azerbaijan,AZE,SE.SEC.ENRR,Secondary enrollment,교육,2024.0,91.1228035886648,6,lower_is_higher_need,0.15,91.1%
아제르바이잔,Azerbaijan,AZE,EG.ELC.ACCS.ZS,Access to electricity,전력접근,2023.0,100.0,5,lower_is_higher_need,0.15,100.0%
아제르바이잔,Azerbaijan,AZE,IT.NET.USER.ZS,Internet users,디지털접근,2025.0,90.80000181,7,lower_is_higher_need,0.15,90.8%
아제르바이잔,Azerbaijan,AZE,SL.UEM.TOTL.ZS,Unemployment,고용,2025.0,5.457,7,higher_is_higher_need,0.05,5.5%
아제르바이잔,Azerbaijan,AZE,SP.URB.TOTL.IN.ZS,Urban population,도시화,2025.0,58.6371024281175,7,context,0.0,58.6%
아제르바이잔,Azerbaijan,AZE,SP.POP.TOTL,Population,인구규모,2025.0,10246996.0,7,context,0.0,10.2M
아제르바이잔,Azerbaijan,AZE,EN.GHG.CO2.PC.CE.AR5,CO2 per capita,탄소배출,2024.0,3.81144251153847,6,context,0.0,3.81 tCO2e/cap
모로코,Morocco,MAR,NY.GDP.PCAP.CD,GDP per capita,소득수준,2025.0,4672.46826171875,7,lower_is_higher_need,0.25,"$4,672"
모로코,Morocco,MAR,SI.POV.DDAY,Poverty rate,빈곤,,,0,higher_is_higher_need,0.15,N/A
모로코,Morocco,MAR,SP.DYN.LE00.IN,Life expectancy,보건·생활여건,2024.0,75.493,6,lower_is_higher_need,0.1,75.5 years
모로코,Morocco,MAR,SE.SEC.ENRR,Secondary enrollment,교육,2024.0,89.9834863018408,6,lower_is_higher_need,0.15,90.0%
모로코,Morocco,MAR,EG.ELC.ACCS.ZS,Access to electricity,전력접근,2023.0,100.0,5,lower_is_higher_need,0.15,100.0%
모로코,Morocco,MAR,IT.NET.USER.ZS,Internet users,디지털접근,2024.0,91.2,6,lower_is_higher_need,0.15,91.2%
모로코,Morocco,MAR,SL.UEM.TOTL.ZS,Unemployment,고용,2025.0,9.0,7,higher_is_higher_need,0.05,9.0%
모로코,Morocco,MAR,SP.URB.TOTL.IN.ZS,Urban population,도시화,2025.0,63.1278612260269,7,context,0.0,63.1%
모로코,Morocco,MAR,SP.POP.TOTL,Population,인구규모,2025.0,38430770.0,7,context,0.0,38.4M
모로코,Morocco,MAR,EN.GHG.CO2.PC.CE.AR5,CO2 per capita,탄소배출,2024.0,1.83925269318779,6,context,0.0,1.84 tCO2e/cap
엘살바도르,El Salvador,SLV,NY.GDP.PCAP.CD,GDP per capita,소득수준,2025.0,5766.72574029107,7,lower_is_higher_need,0.25,"$5,767"
엘살바도르,El Salvador,SLV,SI.POV.DDAY,Poverty rate,빈곤,2023.0,4.6,4,higher_is_higher_need,0.15,4.6%
엘살바도르,El Salvador,SLV,SP.DYN.LE00.IN,Life expectancy,보건·생활여건,2024.0,72.302,6,lower_is_higher_need,0.1,72.3 years
엘살바도르,El Salvador,SLV,SE.SEC.ENRR,Secondary enrollment,교육,2024.0,62.1425847697468,6,lower_is_higher_need,0.15,62.1%
엘살바도르,El Salvador,SLV,EG.ELC.ACCS.ZS,Access to electricity,전력접근,2023.0,98.3,5,lower_is_higher_need,0.15,98.3%
엘살바도르,El Salvador,SLV,IT.NET.USER.ZS,Internet users,디지털접근,2024.0,66.47769928,6,lower_is_higher_need,0.15,66.5%
엘살바도르,El Salvador,SLV,SL.UEM.TOTL.ZS,Unemployment,고용,2025.0,3.303,7,higher_is_higher_need,0.05,3.3%
엘살바도르,El Salvador,SLV,SP.URB.TOTL.IN.ZS,Urban population,도시화,2025.0,75.5237123209951,7,context,0.0,75.5%
엘살바도르,El Salvador,SLV,SP.POP.TOTL,Population,인구규모,2025.0,6365503.0,7,context,0.0,6.4M
엘살바도르,El Salvador,SLV,EN.GHG.CO2.PC.CE.AR5,CO2 per capita,탄소배출,2024.0,1.50569728627702,6,context,0.0,1.51 tCO2e/cap
코트디부아르,Cote d'Ivoire,CIV,NY.GDP.PCAP.CD,GDP per capita,소득수준,2025.0,3050.10202257321,7,lower_is_higher_need,0.25,"$3,050"
코트디부아르,Cote d'Ivoire,CIV,SI.POV.DDAY,Poverty rate,빈곤,2021.0,20.8,1,higher_is_higher_need,0.15,20.8%
코트디부아르,Cote d'Ivoire,CIV,SP.DYN.LE00.IN,Life expectancy,보건·생활여건,2024.0,62.11,6,lower_is_higher_need,0.1,62.1 years
코트디부아르,Cote d'Ivoire,CIV,SE.SEC.ENRR,Secondary enrollment,교육,2024.0,65.3065056618336,6,lower_is_higher_need,0.15,65.3%
코트디부아르,Cote d'Ivoire,CIV,EG.ELC.ACCS.ZS,Access to electricity,전력접근,2023.0,72.4,5,lower_is_higher_need,0.15,72.4%
코트디부아르,Cote d'Ivoire,CIV,IT.NET.USER.ZS,Internet users,디지털접근,2024.0,41.43219902,6,lower_is_higher_need,0.15,41.4%
코트디부아르,Cote d'Ivoire,CIV,SL.UEM.TOTL.ZS,Unemployment,고용,2025.0,2.323,7,higher_is_higher_need,0.05,2.3%
코트디부아르,Cote d'Ivoire,CIV,SP.URB.TOTL.IN.ZS,Urban population,도시화,2025.0,54.5489501450761,7,context,0.0,54.5%
코트디부아르,Cote d'Ivoire,CIV,SP.POP.TOTL,Population,인구규모,2025.0,32711547.0,7,context,0.0,32.7M
코트디부아르,Cote d'Ivoire,CIV,EN.GHG.CO2.PC.CE.AR5,CO2 per capita,탄소배출,2024.0,0.589054440955677,6,context,0.0,0.59 tCO2e/cap
튀니지,Tunisia,TUN,NY.GDP.PCAP.CD,GDP per capita,소득수준,2025.0,4656.63818386852,7,lower_is_higher_need,0.25,"$4,657"
튀니지,Tunisia,TUN,SI.POV.DDAY,Poverty rate,빈곤,2021.0,0.7,1,higher_is_higher_need,0.15,0.7%
튀니지,Tunisia,TUN,SP.DYN.LE00.IN,Life expectancy,보건·생활여건,2024.0,76.711,6,lower_is_higher_need,0.1,76.7 years
튀니지,Tunisia,TUN,SE.SEC.ENRR,Secondary enrollment,교육,,,0,lower_is_higher_need,0.15,N/A
튀니지,Tunisia,TUN,EG.ELC.ACCS.ZS,Access to electricity,전력접근,2023.0,100.0,5,lower_is_higher_need,0.15,100.0%
튀니지,Tunisia,TUN,IT.NET.USER.ZS,Internet users,디지털접근,2024.0,76.5,4,lower_is_higher_need,0.15,76.5%
튀니지,Tunisia,TUN,SL.UEM.TOTL.ZS,Unemployment,고용,2025.0,15.108,7,higher_is_higher_need,0.05,15.1%
튀니지,Tunisia,TUN,SP.URB.TOTL.IN.ZS,Urban population,도시화,2025.0,70.7029326009864,7,context,0.0,70.7%
튀니지,Tunisia,TUN,SP.POP.TOTL,Population,인구규모,2025.0,12348573.0,7,context,0.0,12.3M
튀니지,Tunisia,TUN,EN.GHG.CO2.PC.CE.AR5,CO2 per capita,탄소배출,2024.0,2.62113010481539,6,context,0.0,2.62 tCO2e/cap
모잠비크,Mozambique,MOZ,NY.GDP.PCAP.CD,GDP per capita,소득수준,2025.0,626.914419215727,7,lower_is_higher_need,0.25,$627
모잠비크,Mozambique,MOZ,SI.POV.DDAY,Poverty rate,빈곤,2022.0,81.4,2,higher_is_higher_need,0.15,81.4%
모잠비크,Mozambique,MOZ,SP.DYN.LE00.IN,Life expectancy,보건·생활여건,2024.0,63.797,6,lower_is_higher_need,0.1,63.8 years
모잠비크,Mozambique,MOZ,SE.SEC.ENRR,Secondary enrollment,교육,,,0,lower_is_higher_need,0.15,N/A
모잠비크,Mozambique,MOZ,EG.ELC.ACCS.ZS,Access to electricity,전력접근,2023.0,36.0,5,lower_is_higher_need,0.15,36.0%
모잠비크,Mozambique,MOZ,IT.NET.USER.ZS,Internet users,디지털접근,2024.0,20.52729988,6,lower_is_higher_need,0.15,20.5%
모잠비크,Mozambique,MOZ,SL.UEM.TOTL.ZS,Unemployment,고용,2025.0,6.628,7,higher_is_higher_need,0.05,6.6%
모잠비크,Mozambique,MOZ,SP.URB.TOTL.IN.ZS,Urban population,도시화,2025.0,37.2077944927189,7,context,0.0,37.2%
모잠비크,Mozambique,MOZ,SP.POP.TOTL,Population,인구규모,2025.0,35631653.0,7,context,0.0,35.6M
모잠비크,Mozambique,MOZ,EN.GHG.CO2.PC.CE.AR5,CO2 per capita,탄소배출,2024.0,0.292006477521244,6,context,0.0,0.29 tCO2e/cap
태국,Thailand,THA,NY.GDP.PCAP.CD,GDP per capita,소득수준,2025.0,8056.56359761558,7,lower_is_higher_need,0.25,"$8,057"
태국,Thailand,THA,SI.POV.DDAY,Poverty rate,빈곤,2024.0,0.0,6,higher_is_higher_need,0.15,0.0%
태국,Thailand,THA,SP.DYN.LE00.IN,Life expectancy,보건·생활여건,2024.0,76.564,6,lower_is_higher_need,0.1,76.6 years
태국,Thailand,THA,SE.SEC.ENRR,Secondary enrollment,교육,2025.0,92.0872315506486,7,lower_is_higher_need,0.15,92.1%
태국,Thailand,THA,EG.ELC.ACCS.ZS,Access to electricity,전력접근,2023.0,100.0,5,lower_is_higher_need,0.15,100.0%
태국,Thailand,THA,IT.NET.USER.ZS,Internet users,디지털접근,2024.0,90.86718789,6,lower_is_higher_need,0.15,90.9%
태국,Thailand,THA,SL.UEM.TOTL.ZS,Unemployment,고용,2025.0,0.781,7,higher_is_higher_need,0.05,0.8%
태국,Thailand,THA,SP.URB.TOTL.IN.ZS,Urban population,도시화,2025.0,62.7993377136296,7,context,0.0,62.8%
태국,Thailand,THA,SP.POP.TOTL,Population,인구규모,2025.0,71619863.0,7,context,0.0,71.6M
태국,Thailand,THA,EN.GHG.CO2.PC.CE.AR5,CO2 per capita,탄소배출,2024.0,3.96005269352319,6,context,0.0,3.96 tCO2e/cap
알제리,Algeria,DZA,NY.GDP.PCAP.CD,GDP per capita,소득수준,2025.0,6051.00322704182,7,lower_is_higher_need,0.25,"$6,051"
알제리,Algeria,DZA,SI.POV.DDAY,Poverty rate,빈곤,,,0,higher_is_higher_need,0.15,N/A
알제리,Algeria,DZA,SP.DYN.LE00.IN,Life expectancy,보건·생활여건,2024.0,76.475,6,lower_is_higher_need,0.1,76.5 years
알제리,Algeria,DZA,SE.SEC.ENRR,Secondary enrollment,교육,2024.0,105.164131811213,3,lower_is_higher_need,0.15,105.2%
알제리,Algeria,DZA,EG.ELC.ACCS.ZS,Access to electricity,전력접근,2023.0,100.0,5,lower_is_higher_need,0.15,100.0%
알제리,Algeria,DZA,IT.NET.USER.ZS,Internet users,디지털접근,2024.0,77.4178009,6,lower_is_higher_need,0.15,77.4%
알제리,Algeria,DZA,SL.UEM.TOTL.ZS,Unemployment,고용,2025.0,11.633,7,higher_is_higher_need,0.05,11.6%
알제리,Algeria,DZA,SP.URB.TOTL.IN.ZS,Urban population,도시화,2025.0,75.8187358069877,7,context,0.0,75.8%
알제리,Algeria,DZA,SP.POP.TOTL,Population,인구규모,2025.0,47435312.0,7,context,0.0,47.4M
알제리,Algeria,DZA,EN.GHG.CO2.PC.CE.AR5,CO2 per capita,탄소배출,2024.0,3.98080005796518,6,context,0.0,3.98 tCO2e/cap
짐바브웨,Zimbabwe,ZWE,NY.GDP.PCAP.CD,GDP per capita,소득수준,2025.0,3021.43019873632,7,lower_is_higher_need,0.25,"$3,021"
짐바브웨,Zimbabwe,ZWE,SI.POV.DDAY,Poverty rate,빈곤,2019.0,49.2,1,higher_is_higher_need,0.15,49.2%
짐바브웨,Zimbabwe,ZWE,SP.DYN.LE00.IN,Life expectancy,보건·생활여건,2024.0,63.064,6,lower_is_higher_need,0.1,63.1 years
짐바브웨,Zimbabwe,ZWE,SE.SEC.ENRR,Secondary enrollment,교육,,,0,lower_is_higher_need,0.15,N/A
짐바브웨,Zimbabwe,ZWE,EG.ELC.ACCS.ZS,Access to electricity,전력접근,2023.0,62.0,5,lower_is_higher_need,0.15,62.0%
짐바브웨,Zimbabwe,ZWE,IT.NET.USER.ZS,Internet users,디지털접근,2024.0,41.64279938,6,lower_is_higher_need,0.15,41.6%
짐바브웨,Zimbabwe,ZWE,SL.UEM.TOTL.ZS,Unemployment,고용,2025.0,9.293,7,higher_is_higher_need,0.05,9.3%
짐바브웨,Zimbabwe,ZWE,SP.URB.TOTL.IN.ZS,Urban population,도시화,2025.0,40.4951287431452,7,context,0.0,40.5%
짐바브웨,Zimbabwe,ZWE,SP.POP.TOTL,Population,인구규모,2025.0,16950795.0,7,context,0.0,17.0M
짐바브웨,Zimbabwe,ZWE,EN.GHG.CO2.PC.CE.AR5,CO2 per capita,탄소배출,2024.0,0.772821434267465,6,context,0.0,0.77 tCO2e/cap
과테말라,Guatemala,GTM,NY.GDP.PCAP.CD,GDP per capita,소득수준,2025.0,6598.18032988711,7,lower_is_higher_need,0.25,"$6,598"
과테말라,Guatemala,GTM,SI.POV.DDAY,Poverty rate,빈곤,2023.0,9.7,1,higher_is_higher_need,0.15,9.7%
과테말라,Guatemala,GTM,SP.DYN.LE00.IN,Life expectancy,보건·생활여건,2024.0,72.746,6,lower_is_higher_need,0.1,72.7 years
과테말라,Guatemala,GTM,SE.SEC.ENRR,Secondary enrollment,교육,2024.0,49.5765804970836,6,lower_is_higher_need,0.15,49.6%
과테말라,Guatemala,GTM,EG.ELC.ACCS.ZS,Access to electricity,전력접근,2023.0,100.0,5,lower_is_higher_need,0.15,100.0%
과테말라,Guatemala,GTM,IT.NET.USER.ZS,Internet users,디지털접근,2024.0,60.22140121,6,lower_is_higher_need,0.15,60.2%
과테말라,Guatemala,GTM,SL.UEM.TOTL.ZS,Unemployment,고용,2025.0,2.604,7,higher_is_higher_need,0.05,2.6%
과테말라,Guatemala,GTM,SP.URB.TOTL.IN.ZS,Urban population,도시화,2025.0,56.2972033013999,7,context,0.0,56.3%
과테말라,Guatemala,GTM,SP.POP.TOTL,Population,인구규모,2025.0,18687881.0,7,context,0.0,18.7M
과테말라,Guatemala,GTM,EN.GHG.CO2.PC.CE.AR5,CO2 per capita,탄소배출,2024.0,1.1066501528086,6,context,0.0,1.11 tCO2e/cap
타지키스탄,Tajikistan,TJK,NY.GDP.PCAP.CD,GDP per capita,소득수준,2025.0,1637.2542942547,7,lower_is_higher_need,0.25,"$1,637"
타지키스탄,Tajikistan,TJK,SI.POV.DDAY,Poverty rate,빈곤,2024.0,6.1,4,higher_is_higher_need,0.15,6.1%
타지키스탄,Tajikistan,TJK,SP.DYN.LE00.IN,Life expectancy,보건·생활여건,2024.0,71.927,6,lower_is_higher_need,0.1,71.9 years
타지키스탄,Tajikistan,TJK,SE.SEC.ENRR,Secondary enrollment,교육,2024.0,86.9035257819264,5,lower_is_higher_need,0.15,86.9%
타지키스탄,Tajikistan,TJK,EG.ELC.ACCS.ZS,Access to electricity,전력접근,2023.0,100.0,5,lower_is_higher_need,0.15,100.0%
타지키스탄,Tajikistan,TJK,IT.NET.USER.ZS,Internet users,디지털접근,2024.0,55.79339981,6,lower_is_higher_need,0.15,55.8%
타지키스탄,Tajikistan,TJK,SL.UEM.TOTL.ZS,Unemployment,고용,2025.0,6.931,7,higher_is_higher_need,0.05,6.9%
타지키스탄,Tajikistan,TJK,SP.URB.TOTL.IN.ZS,Urban population,도시화,2025.0,26.16476270853,7,context,0.0,26.2%
타지키스탄,Tajikistan,TJK,SP.POP.TOTL,Population,인구규모,2025.0,10786734.0,7,context,0.0,10.8M
타지키스탄,Tajikistan,TJK,EN.GHG.CO2.PC.CE.AR5,CO2 per capita,탄소배출,2024.0,0.922478268427306,6,context,0.0,0.92 tCO2e/cap
서안지구 및 가자지구,West Bank and Gaza,PSE,NY.GDP.PCAP.CD,GDP per capita,소득수준,2025.0,3171.10844621579,7,lower_is_higher_need,0.25,"$3,171"
서안지구 및 가자지구,West Bank and Gaza,PSE,SI.POV.DDAY,Poverty rate,빈곤,2023.0,2.1,1,higher_is_higher_need,0.15,2.1%
서안지구 및 가자지구,West Bank and Gaza,PSE,SP.DYN.LE00.IN,Life expectancy,보건·생활여건,2024.0,69.213,6,lower_is_higher_need,0.1,69.2 years
서안지구 및 가자지구,West Bank and Gaza,PSE,SE.SEC.ENRR,Secondary enrollment,교육,2023.0,89.1210984011759,5,lower_is_higher_need,0.15,89.1%
서안지구 및 가자지구,West Bank and Gaza,PSE,EG.ELC.ACCS.ZS,Access to electricity,전력접근,2023.0,100.0,5,lower_is_higher_need,0.15,100.0%
서안지구 및 가자지구,West Bank and Gaza,PSE,IT.NET.USER.ZS,Internet users,디지털접근,2023.0,86.63765334,4,lower_is_higher_need,0.15,86.6%
서안지구 및 가자지구,West Bank and Gaza,PSE,SL.UEM.TOTL.ZS,Unemployment,고용,2022.0,24.42,4,higher_is_higher_need,0.05,24.4%
서안지구 및 가자지구,West Bank and Gaza,PSE,SP.URB.TOTL.IN.ZS,Urban population,도시화,2025.0,87.3818962963393,7,context,0.0,87.4%
서안지구 및 가자지구,West Bank and Gaza,PSE,SP.POP.TOTL,Population,인구규모,2025.0,5413596.0,7,context,0.0,5.4M
서안지구 및 가자지구,West Bank and Gaza,PSE,EN.GHG.CO2.PC.CE.AR5,CO2 per capita,탄소배출,,,0,context,0.0,N/A
온두라스,Honduras,HND,NY.GDP.PCAP.CD,GDP per capita,소득수준,2025.0,3598.21450440452,7,lower_is_higher_need,0.25,"$3,598"
온두라스,Honduras,HND,SI.POV.DDAY,Poverty rate,빈곤,2024.0,15.7,3,higher_is_higher_need,0.15,15.7%
온두라스,Honduras,HND,SP.DYN.LE00.IN,Life expectancy,보건·생활여건,2024.0,73.044,6,lower_is_higher_need,0.1,73.0 years
온두라스,Honduras,HND,SE.SEC.ENRR,Secondary enrollment,교육,2024.0,51.7639813154374,6,lower_is_higher_need,0.15,51.8%
온두라스,Honduras,HND,EG.ELC.ACCS.ZS,Access to electricity,전력접근,2023.0,95.6,5,lower_is_higher_need,0.15,95.6%
온두라스,Honduras,HND,IT.NET.USER.ZS,Internet users,디지털접근,2024.0,58.62269974,6,lower_is_higher_need,0.15,58.6%
온두라스,Honduras,HND,SL.UEM.TOTL.ZS,Unemployment,고용,2025.0,4.92,7,higher_is_higher_need,0.05,4.9%
온두라스,Honduras,HND,SP.URB.TOTL.IN.ZS,Urban population,도시화,2025.0,59.2517075900659,7,context,0.0,59.3%
온두라스,Honduras,HND,SP.POP.TOTL,Population,인구규모,2025.0,11005850.0,7,context,0.0,11.0M
온두라스,Honduras,HND,EN.GHG.CO2.PC.CE.AR5,CO2 per capita,탄소배출,2024.0,1.13551979026212,6,context,0.0,1.14 tCO2e/cap
우크라이나,Ukraine,UKR,NY.GDP.PCAP.CD,GDP per capita,소득수준,2025.0,5865.884765625,7,lower_is_higher_need,0.25,"$5,866"
우크라이나,Ukraine,UKR,SI.POV.DDAY,Poverty rate,빈곤,2020.0,0.0,2,higher_is_higher_need,0.15,0.0%
우크라이나,Ukraine,UKR,SP.DYN.LE00.IN,Life expectancy,보건·생활여건,2024.0,74.692,6,lower_is_higher_need,0.1,74.7 years
우크라이나,Ukraine,UKR,SE.SEC.ENRR,Secondary enrollment,교육,2024.0,86.1695022583008,5,lower_is_higher_need,0.15,86.2%
우크라이나,Ukraine,UKR,EG.ELC.ACCS.ZS,Access to electricity,전력접근,2023.0,100.0,5,lower_is_higher_need,0.15,100.0%
우크라이나,Ukraine,UKR,IT.NET.USER.ZS,Internet users,디지털접근,2024.0,82.47489929,6,lower_is_higher_need,0.15,82.5%
우크라이나,Ukraine,UKR,SL.UEM.TOTL.ZS,Unemployment,고용,2021.0,9.834,3,higher_is_higher_need,0.05,9.8%
우크라이나,Ukraine,UKR,SP.URB.TOTL.IN.ZS,Urban population,도시화,2025.0,69.5954924645764,7,context,0.0,69.6%
우크라이나,Ukraine,UKR,SP.POP.TOTL,Population,인구규모,2025.0,38980376.0,7,context,0.0,39.0M
우크라이나,Ukraine,UKR,EN.GHG.CO2.PC.CE.AR5,CO2 per capita,탄소배출,2024.0,3.12934781865114,6,context,0.0,3.13 tCO2e/cap
솔로몬제도,Solomon Islands,SLB,NY.GDP.PCAP.CD,GDP per capita,소득수준,2025.0,2086.18955928928,7,lower_is_higher_need,0.25,"$2,086"
솔로몬제도,Solomon Islands,SLB,SI.POV.DDAY,Poverty rate,빈곤,,,0,higher_is_higher_need,0.15,N/A
솔로몬제도,Solomon Islands,SLB,SP.DYN.LE00.IN,Life expectancy,보건·생활여건,2024.0,70.694,6,lower_is_higher_need,0.1,70.7 years
솔로몬제도,Solomon Islands,SLB,SE.SEC.ENRR,Secondary enrollment,교육,,,0,lower_is_higher_need,0.15,N/A
솔로몬제도,Solomon Islands,SLB,EG.ELC.ACCS.ZS,Access to electricity,전력접근,2023.0,81.3,5,lower_is_higher_need,0.15,81.3%
솔로몬제도,Solomon Islands,SLB,IT.NET.USER.ZS,Internet users,디지털접근,2024.0,29.04070091,6,lower_is_higher_need,0.15,29.0%
솔로몬제도,Solomon Islands,SLB,SL.UEM.TOTL.ZS,Unemployment,고용,2025.0,1.431,7,higher_is_higher_need,0.05,1.4%
솔로몬제도,Solomon Islands,SLB,SP.URB.TOTL.IN.ZS,Urban population,도시화,2025.0,31.3093190325418,7,context,0.0,31.3%
솔로몬제도,Solomon Islands,SLB,SP.POP.TOTL,Population,인구규모,2025.0,838645.0,7,context,0.0,0.8M
솔로몬제도,Solomon Islands,SLB,EN.GHG.CO2.PC.CE.AR5,CO2 per capita,탄소배출,2024.0,0.383912070097827,6,context,0.0,0.38 tCO2e/cap
코스타리카,Costa Rica,CRI,NY.GDP.PCAP.CD,GDP per capita,소득수준,2025.0,19970.0989059622,7,lower_is_higher_need,0.25,"$19,970"
코스타리카,Costa Rica,CRI,SI.POV.DDAY,Poverty rate,빈곤,2025.0,0.8,7,higher_is_higher_need,0.15,0.8%
코스타리카,Costa Rica,CRI,SP.DYN.LE00.IN,Life expectancy,보건·생활여건,2024.0,80.996,6,lower_is_higher_need,0.1,81.0 years
코스타리카,Costa Rica,CRI,SE.SEC.ENRR,Secondary enrollment,교육,2024.0,121.810760498047,6,lower_is_higher_need,0.15,121.8%
코스타리카,Costa Rica,CRI,EG.ELC.ACCS.ZS,Access to electricity,전력접근,2023.0,100.0,5,lower_is_higher_need,0.15,100.0%
코스타리카,Costa Rica,CRI,IT.NET.USER.ZS,Internet users,디지털접근,2024.0,87.17019653,6,lower_is_higher_need,0.15,87.2%
코스타리카,Costa Rica,CRI,SL.UEM.TOTL.ZS,Unemployment,고용,2025.0,6.843,7,higher_is_higher_need,0.05,6.8%
코스타리카,Costa Rica,CRI,SP.URB.TOTL.IN.ZS,Urban population,도시화,2025.0,79.7268137993004,7,context,0.0,79.7%
코스타리카,Costa Rica,CRI,SP.POP.TOTL,Population,인구규모,2025.0,5152950.0,7,context,0.0,5.2M
코스타리카,Costa Rica,CRI,EN.GHG.CO2.PC.CE.AR5,CO2 per capita,탄소배출,2024.0,1.63283566378358,6,context,0.0,1.63 tCO2e/cap
