Country_KR,Sector_Group,Project_Count_2019_2024,Share_2019_2024,Active_Years,Commitment_Raw,Disbursement_Raw,Top_Detail_Sectors
가나,공공행정,133,0.2818,6,6130901.31,4144510.71,공공정책 및 행정관리(50); 통신정책 및 행정관리(15); 분권화 및 지방정부 지원(15); 공공재정관리(15); 금융정책 및 행정관리(14)
가나,기술환경에너지,105,0.2225,6,2330500.59,2275843.59,정보통신기술(30); 기술연구개발(15); 도시개발 및 관리(14); 에너지정책 및 행정관리(10); 환경연구(6)
가나,농림수산,94,0.1992,6,16104136.71,9999370.15,농업 개발(30); 농업정책 및 행정관리(16); 식량생산(15); 어업 개발(9); 농촌개발(9)
가나,보건의료,49,0.1038,6,14204659.29,7697458.29,보건정책 및 행정관리(26); 기초보건진료(8); 보건인력개발(8); 의료서비스(7)
가나,교육,47,0.0996,6,9211934.57,6177451.28,"교육정책 및 행정관리(19); 중고등교육(7); 전문대,대학(원) 교육(4); 직업훈련(기초,중등수준)(3); 에너지 교육/훈련(3)"
가나,기타,29,0.0614,6,11607280.58,4195672.73,비특정분야(12); 성평등 조직(기구) 및 제도(9); 사업 개발 서비스(4); 책임감 있는 비즈니스(3); 석유 및 가스(1)
가나,긴급구호/취약성,15,0.0318,6,10098048.15,7356570.15,"전염병 관리 및 예방(말라리아,결핵, 성병, 코로나19 제외)(6); 여성폭력 근절(4); 재난위험경감(3); 사회보호/보장(1); 재난 대비능력 강화(1)"
가봉,기술환경에너지,3,0.375,3,37018.0,36542.0,기술연구개발(3)
가봉,공공행정,3,0.375,3,218838.45,218838.33,공공정책 및 행정관리(3)
가봉,농림수산,1,0.125,1,1852.0,1748.0,식량생산(1)
가봉,보건의료,1,0.125,1,0.06,0.04,보건정책 및 행정관리(1)
가이아나,공공행정,1,0.3333,1,140096.0,140096.0,공공정책 및 행정관리(1)
가이아나,긴급구호/취약성,1,0.3333,1,396689.0,396689.0,사회보호/보장(1)
가이아나,기술환경에너지,1,0.3333,1,0.0,0.0,환경정책 및 행정관리(1)
감비아,공공행정,8,0.4706,4,427577.98,427577.98,공공정책 및 행정관리(6); 건설정책 및 행정관리(1); 운송정책 및 행정관리(1)
감비아,기술환경에너지,2,0.1176,1,10958.0,10958.0,수자원정책 및 행정관리(1); 항공운송(1)
감비아,농림수산,2,0.1176,2,17026.0,17026.0,농업금융 서비스(1); 농업정책 및 행정관리(1)
감비아,긴급구호/취약성,2,0.1176,1,19711.0,19711.0,사회보호/보장(1); 인권 강화(1)
감비아,기타,1,0.0588,1,21531.0,21531.0,해양광물(1)
감비아,교육,1,0.0588,1,11249.0,11249.0,교사훈련(1)
감비아,보건의료,1,0.0588,1,0.01,0.01,보건정책 및 행정관리(1)
과테말라,공공행정,26,0.3611,6,1109394.14,2514232.14,공공정책 및 행정관리(11); 치안제도 관리 및 개선(8); 입법 및 사법제도 개발(4); 거시경제 정책(2); 통신정책 및 행정관리(1)
과테말라,기술환경에너지,24,0.3333,6,10153116.15,6453783.61,정보통신기술(6); 환경정책 및 행정관리(5); 도시개발 및 관리(4); 도로운송(4); 수자원정책 및 행정관리(2)
과테말라,기타,10,0.1389,6,1096358.18,1096358.18,비특정분야(10)
과테말라,농림수산,8,0.1111,5,248054.13,249570.13,농업정책 및 행정관리(3); 식량생산(3); 농업 개발(1); 농업 연구(1)
과테말라,긴급구호/취약성,2,0.0278,2,105202.0,105202.0,사회보호/보장(1); COVID-19(1)
과테말라,교육,2,0.0278,2,851372.0,851372.0,임업 교육/훈련(1); 교육시설 및 특별연수(1)
그레나다,공공행정,3,0.3,2,18175.03,18175.03,공공정책 및 행정관리(3)
그레나다,기술환경에너지,2,0.2,1,565003.0,437333.0,도로운송(1); 정보통신기술(1)
그레나다,농림수산,2,0.2,1,0.04,0.04,어업정책 및 행정관리(1); 어업 개발(1)
그레나다,보건의료,1,0.1,1,141595.0,141595.0,기초보건진료(1)
그레나다,교육,1,0.1,1,27895.0,27895.0,교육정책 및 행정관리(1)
그레나다,기타,1,0.1,1,0.0,0.11,비특정분야(1)
그외 지역 또는 다수국가 (미배분),기타,55,0.4825,6,141345328.96,141345328.96,비특정분야(38); 개발인식 증진(12); 다부문 원조(3); 구호 물자지원 및 서비스(2)
그외 지역 또는 다수국가 (미배분),공공행정,35,0.307,6,331188893.98,331578634.98,행정비용(33); 공공정책 및 행정관리(2)
그외 지역 또는 다수국가 (미배분),긴급구호/취약성,17,0.1491,6,13019880.52,13053485.52,재난 대비능력 강화(10); 사회보호/보장(6); COVID-19(1)
그외 지역 또는 다수국가 (미배분),교육,4,0.0351,4,4114594.17,4114594.17,환경교육/훈련(4)
그외 지역 또는 다수국가 (미배분),기술환경에너지,2,0.0175,1,1.98,1.98,환경정책 및 행정관리(2)
그외 지역 또는 다수국가 (미배분),보건의료,1,0.0088,1,0.0,1012534.0,기초보건진료(1)
기니,공공행정,3,0.6,3,426328.0,350235.07,공공정책 및 행정관리(3)
기니,교육,1,0.2,1,11249.0,11249.0,교사훈련(1)
기니,기술환경에너지,1,0.2,1,0.02,0.02,에너지정책 및 행정관리(1)
기니비사우,공공행정,3,0.6,2,815563.0,815563.0,공공정책 및 행정관리(3)
기니비사우,교육,1,0.2,1,11249.0,11249.0,교사훈련(1)
기니비사우,보건의료,1,0.2,1,183980.0,183980.0,기초의료설비(1)
나미비아,공공행정,7,0.7,5,448434.0,448434.0,공공정책 및 행정관리(6); 운송정책 및 행정관리(1)
나미비아,농림수산,2,0.2,2,15231.0,15231.0,농업정책 및 행정관리(1); 농업 개발(1)
나미비아,기술환경에너지,1,0.1,1,4493.0,4493.0,항공운송(1)
나우루,공공행정,2,0.6667,2,260383.0,260383.0,공공정책 및 행정관리(1); 통신정책 및 행정관리(1)
나우루,교육,1,0.3333,1,101910.0,101910.0,교육시설 및 특별연수(1)
나이지리아,공공행정,77,0.2674,6,14884656.96,7351606.03,공공정책 및 행정관리(32); 통신정책 및 행정관리(15); 운송정책 및 행정관리(7); 치안제도 관리 및 개선(5); 통상정책 및 행정관리(4)
나이지리아,기술환경에너지,75,0.2604,6,1446867.33,1404885.33,기술연구개발(18); 정보통신기술(17); 에너지정책 및 행정관리(15); 항공운송(8); 도시개발 및 관리(7)
나이지리아,농림수산,62,0.2153,6,712911.26,694114.26,농업정책 및 행정관리(15); 식량생산(15); 농업 개발(15); 농촌개발(8); 농수산물 가공업(3)
나이지리아,교육,28,0.0972,6,11257605.02,6124554.63,교육정책 및 행정관리(15); 에너지 교육/훈련(5); 초등교육(5); 운송 및 창고부문 교육(3)
나이지리아,기타,18,0.0625,6,1048538.24,1042185.06,성평등 조직(기구) 및 제도(7); 비특정분야(6); 책임감 있는 비즈니스(3); 반부패기구 및 제도 지원(1); 사업 개발 서비스(1)
나이지리아,보건의료,18,0.0625,5,316470.21,310536.21,보건정책 및 행정관리(15); 보건인력개발(3)
나이지리아,긴급구호/취약성,10,0.0347,6,280835.01,280619.01,"재난위험경감(3); 여성폭력 근절(3); COVID-19(2); 사회보호/보장(1); 전염병 관리 및 예방(말라리아,결핵, 성병, 코로나19 제외)(1)"
남수단,기술환경에너지,2,0.6667,1,0.02,0.02,정보통신기술(1); 수자원보호(1)
남수단,공공행정,1,0.3333,1,0.0,0.0,공공정책 및 행정관리(1)
남아메리카 지역 (미배분),긴급구호/취약성,1,1.0,1,164678.0,164678.0,COVID-19(1)
남아프리카공화국,교육,4,0.3636,3,1099433.0,1082159.0,"교육시설 및 특별연수(3); 직업훈련(기초,중등수준)(1)"
남아프리카공화국,농림수산,3,0.2727,3,189980.0,400848.0,농업 개발(2); 농업관련 기자재(1)
남아프리카공화국,공공행정,2,0.1818,2,4828.0,4828.0,치안제도 관리 및 개선(1); 공공정책 및 행정관리(1)
남아프리카공화국,기술환경에너지,2,0.1818,2,193708.0,193708.05,기초식수공급 및 기초위생에 포함되지 않는 기타(1); 정보통신기술(1)
네팔,공공행정,99,0.2886,6,11556938.58,5119938.57,공공정책 및 행정관리(46); 분권화 및 지방정부 지원(10); 치안제도 관리 및 개선(8); 통상정책 및 행정관리(7); 공공재정관리(6)
네팔,기술환경에너지,58,0.1691,6,11253271.25,9077413.03,정보통신기술(19); 도시개발 및 관리(12); 기술연구개발(8); 환경정책 및 행정관리(5); 수자원정책 및 행정관리(3)
네팔,농림수산,57,0.1662,6,5551628.14,4422526.98,식량생산(16); 농업 개발(15); 농업정책 및 행정관리(9); 농촌개발(8); 어업 개발(6)
네팔,교육,52,0.1516,6,10004510.58,13249055.25,"직업훈련(기초,중등수준)(10); 교육정책 및 행정관리(9); 교사훈련(6); 비정규 농업훈련(5); 전문대,대학(원) 교육(5)"
네팔,보건의료,38,0.1108,6,12042916.47,6820784.27,보건정책 및 행정관리(15); 의료서비스(12); 기초보건진료(6); 기초의료설비(3); 보건인력개발(2)
네팔,기타,27,0.0787,6,10823571.53,3423697.53,비특정분야(15); 성평등 조직(기구) 및 제도(6); 책임감 있는 비즈니스(3); 이민 이주 원활화(2); 구호 물자지원 및 서비스(1)
네팔,긴급구호/취약성,12,0.035,6,424550.18,421301.18,사회보호/보장(5); 여성폭력 근절(3); 재난 대비능력 강화(2); 인권 강화(1); 재난위험경감(1)
니우에,기술환경에너지,1,0.5,1,120729.0,120729.0,환경정책 및 행정관리(1)
니우에,농림수산,1,0.5,1,0.05,0.05,어업정책 및 행정관리(1)
니제르,보건의료,3,0.75,3,307247.0,307247.04,기초의료설비(2); 의료서비스(1)
니제르,공공행정,1,0.25,1,197530.0,197530.0,공공정책 및 행정관리(1)
니카라과,공공행정,12,0.3636,3,85327.0,851721.0,공공정책 및 행정관리(7); 공공재정관리(3); 통계능력 강화(1); 통상정책 및 행정관리(1)
니카라과,기술환경에너지,7,0.2121,3,45541.0,44753.0,환경정책 및 행정관리(2); 도시개발 및 관리(2); 에너지정책 및 행정관리(2); 정보통신기술(1)
니카라과,농림수산,7,0.2121,3,197954.0,196198.0,농촌개발(4); 어업 개발(2); 농업 개발(1)
니카라과,교육,4,0.1212,3,30741.0,1736319.0,"교사훈련(3); 직업훈련(기초,중등수준)(1)"
니카라과,보건의료,2,0.0606,1,906087.0,906087.0,기초의료설비(1); 기초보건진료(1)
니카라과,기타,1,0.0303,1,50495.0,50495.0,비특정분야(1)
도미니카공화국,교육,42,0.2763,6,5384249.68,6709588.13,"전문대,대학(원) 교육(8); 교육정책 및 행정관리(6); 보건교육(5); 중고등교육(5); 교육시설 및 특별연수(4)"
도미니카공화국,공공행정,41,0.2697,6,896782.57,885026.57,공공정책 및 행정관리(27); 금융정책 및 행정관리(3); 통상정책 및 행정관리(3); 거시경제 정책(3); 치안제도 관리 및 개선(2)
도미니카공화국,기타,29,0.1908,6,9324876.42,6163192.76,비특정분야(12); 가족계획(6); 비정규/유사 금융기관(4); 성평등 조직(기구) 및 제도(4); 기초사회서비스에 대한 다부문 원조(2)
도미니카공화국,기술환경에너지,14,0.0921,5,6557008.03,619437.37,환경정책 및 행정관리(5); 도시개발 및 관리(3); 정보통신기술(2); 문화 및 레크리에이션(2); 자연문화유산 보호(2)
도미니카공화국,보건의료,11,0.0724,6,470747.27,470747.27,기초보건진료(5); 보건정책 및 행정관리(5); 의료서비스(1)
도미니카공화국,긴급구호/취약성,10,0.0658,6,676756.1,676756.1,사회보호/보장(4); 여성폭력 근절(3); COVID-19(2); 재난위험경감(1)
도미니카공화국,농림수산,5,0.0329,3,93883.03,93883.03,농촌개발(2); 수산물 유통지원(1); 농업 개발(1); 어업 개발(1)
동티모르,교육,72,0.2571,6,12186439.73,8893905.59,"교육정책 및 행정관리(16); 중고등교육(9); 초등교육(9); 교육시설 및 특별연수(8); 전문대,대학(원) 교육(6)"
동티모르,기술환경에너지,64,0.2286,6,5450918.25,5223519.25,도시개발 및 관리(13); 기술연구개발(8); 정보통신기술(7); 수자원정책 및 행정관리(5); 환경정책 및 행정관리(5)
동티모르,공공행정,63,0.225,6,2610640.52,2609209.52,공공정책 및 행정관리(32); 금융정책 및 행정관리(7); 치안제도 관리 및 개선(7); 공공재정관리(6); 민주적 참여와 시민사회(5)
동티모르,농림수산,31,0.1107,6,6740829.02,2932889.55,어업 개발(9); 농업 개발(9); 농촌개발(4); 농업정책 및 행정관리(3); 축산(2)
동티모르,보건의료,30,0.1071,6,6428428.78,6388301.5,보건정책 및 행정관리(12); 결핵 관리 및 예방(6); 기초보건진료(4); 의료서비스(3); 보건인력개발(3)
동티모르,기타,16,0.0571,6,3275905.72,3277421.72,비특정분야(12); 성평등 조직(기구) 및 제도(3); 광물 탐사(1)
동티모르,긴급구호/취약성,4,0.0143,3,7340596.01,1023396.01,여성폭력 근절(2); COVID-19(2)
라오스,공공행정,160,0.2832,6,6022282.1,14198862.2,공공정책 및 행정관리(88); 통신정책 및 행정관리(15); 분권화 및 지방정부 지원(11); 공공재정관리(11); 통상정책 및 행정관리(9)
라오스,기술환경에너지,138,0.2442,6,51020472.29,13733667.98,정보통신기술(26); 도시개발 및 관리(16); 기술연구개발(15); 에너지정책 및 행정관리(11); 수자원정책 및 행정관리(10)
라오스,교육,94,0.1664,6,10892728.07,9858321.8,"교육정책 및 행정관리(16); 전문대,대학(원) 교육(12); 중고등교육(10); 성인 기초생활교육(7); 직업훈련(기초,중등수준)(6)"
라오스,농림수산,76,0.1345,6,28740710.17,10903935.28,식량생산(23); 농업 개발(15); 농촌개발(13); 농업정책 및 행정관리(11); 농수산물 가공업(8)
라오스,보건의료,42,0.0743,6,20971061.37,18577134.38,의료서비스(25); 보건정책 및 행정관리(6); 기초보건진료(6); 보건인력개발(3); 기초영양(2)
라오스,기타,39,0.069,6,5194745.74,5180097.21,비특정분야(15); 성평등 조직(기구) 및 제도(12); 다부문 원조(3); 책임감 있는 비즈니스(3); 민간주도의 분쟁예방(2)
라오스,긴급구호/취약성,16,0.0283,5,7982100.08,6788553.66,여성폭력 근절(11); COVID-19(3); 사회보호/보장(2)
라이베리아,공공행정,6,0.6667,2,345703.03,345703.03,공공정책 및 행정관리(4); 거시경제 정책(1); 공공재정관리(1)
라이베리아,교육,1,0.1111,1,10005.0,10005.0,교육정책 및 행정관리(1)
라이베리아,농림수산,1,0.1111,1,19841.0,19841.0,농업정책 및 행정관리(1)
라이베리아,보건의료,1,0.1111,1,0.02,0.02,보건정책 및 행정관리(1)
레바논,공공행정,7,0.5,4,383792.31,383792.31,공공정책 및 행정관리(5); 치안제도 관리 및 개선(1); 공공 조달(1)
레바논,기술환경에너지,4,0.2857,3,4720148.0,595049.13,중앙그리드 태양광발전(2); 생물권역 보호(1); 환경정책 및 행정관리(1)
레바논,농림수산,2,0.1429,2,11194.0,11194.0,농업정책 및 행정관리(1); 농업 개발(1)
레바논,교육,1,0.0714,1,200098.0,200098.0,교육시설 및 특별연수(1)
레소토,교육,4,0.4444,4,1140526.0,1140526.0,교육시설 및 특별연수(2); 교사훈련(1); 중고등교육(1)
레소토,기술환경에너지,3,0.3333,2,108754.02,108754.02,환경정책 및 행정관리(2); 에너지정책 및 행정관리(1)
레소토,농림수산,1,0.1111,1,0.6,0.4,농업관련 기자재(1)
레소토,공공행정,1,0.1111,1,0.0,0.0,공공정책 및 행정관리(1)
르완다,공공행정,86,0.2324,6,19039120.96,3157987.62,공공정책 및 행정관리(32); 통신정책 및 행정관리(15); 분권화 및 지방정부 지원(15); 통상정책 및 행정관리(7); 공공재정관리(7)
르완다,기술환경에너지,78,0.2108,6,2058766.6,2035853.2,정보통신기술(29); 도시개발 및 관리(13); 기술연구개발(8); 에너지정책 및 행정관리(7); 수자원정책 및 행정관리(6)
르완다,교육,69,0.1865,6,18471142.16,17017972.58,"교육정책 및 행정관리(17); 교사훈련(12); 초등교육(8); 취학전교육(7); 직업훈련(기초,중등수준)(6)"
르완다,농림수산,68,0.1838,6,20660088.14,11416185.93,농업 개발(24); 식량생산(13); 농촌개발(13); 농업정책 및 행정관리(8); 어업 개발(4)
르완다,기타,34,0.0919,6,5255713.58,9271723.98,"비특정분야(12); 개도국 국내 재원조성(10); 성평등 조직(기구) 및 제도(5); 섬유,피혁 및 대체소재(3); 책임감 있는 비즈니스(3)"
르완다,보건의료,24,0.0649,6,965357.1,956406.1,보건정책 및 행정관리(18); 기초보건진료(4); 의료서비스(2)
르완다,긴급구호/취약성,11,0.0297,6,1437723.12,1437723.12,사회보호/보장(8); COVID-19(2); 여성폭력 근절(1)
리비아,공공행정,2,0.4,2,191928.0,191928.0,공공정책 및 행정관리(2)
리비아,교육,2,0.4,2,490013.0,490013.0,"직업훈련(기초,중등수준)(2)"
리비아,긴급구호/취약성,1,0.2,1,185319.0,185319.0,COVID-19(1)
마다가스카르,공공행정,13,0.3333,5,353089.02,354605.02,공공정책 및 행정관리(8); 통신정책 및 행정관리(3); 치안제도 관리 및 개선(1); 민주적 참여와 시민사회(1)
마다가스카르,기술환경에너지,10,0.2564,6,6120808.02,705773.02,도시개발 및 관리(3); 정보통신기술(3); 환경연구(2); 생물 다양성(1); 에너지정책 및 행정관리(1)
마다가스카르,교육,5,0.1282,1,385914.0,385914.0,"초등교육(2); 교육시설 및 특별연수(1); 직업훈련(기초,중등수준)(1); 교사훈련(1)"
마다가스카르,긴급구호/취약성,5,0.1282,3,227050.03,227050.03,재난위험경감(2); COVID-19(1); 재난 대비능력 강화(1); 여성폭력 근절(1)
마다가스카르,농림수산,3,0.0769,2,18253.03,18253.03,임업정책 및 행정관리(1); 농업 개발(1); 어업정책 및 행정관리(1)
마다가스카르,보건의료,2,0.0513,2,157467.0,160891.0,기초의료설비(2)
마다가스카르,기타,1,0.0256,1,15001.0,15001.0,다부문 원조(1)
마셜제도,기술환경에너지,5,0.625,3,387692.62,387692.62,중앙그리드 태양광발전(2); 환경정책 및 행정관리(2); 기초식수공급 및 기초위생에 포함되지 않는 기타(1)
마셜제도,농림수산,2,0.25,1,0.31,0.31,농업관련 기자재(2)
마셜제도,교육,1,0.125,1,9404.0,9404.0,어업 교육/훈련(1)
마이크로네시아연방,공공행정,1,1.0,1,195901.0,195901.0,공공정책 및 행정관리(1)
말라위,공공행정,11,0.2558,5,79316.04,72818.04,공공정책 및 행정관리(5); 분권화 및 지방정부 지원(3); 통신정책 및 행정관리(2); 운송정책 및 행정관리(1)
말라위,농림수산,11,0.2558,3,84576.4,78079.4,어업 개발(3); 농업정책 및 행정관리(3); 어업정책 및 행정관리(2); 농업 개발(2); 농촌개발(1)
말라위,보건의료,8,0.186,3,568123.04,561625.04,보건정책 및 행정관리(7); 기초의료설비(1)
말라위,기술환경에너지,6,0.1395,2,6519.07,6519.07,환경정책 및 행정관리(3); 정보통신기술(3)
말라위,기타,5,0.1163,3,178481.01,178872.01,책임감 있는 비즈니스(3); Lower secondary education(2)
말라위,교육,2,0.0465,2,11249.2,11249.2,교사훈련(1); 교육시설 및 특별연수(1)
말레이시아,공공행정,10,0.3571,5,90332.02,90332.02,공공정책 및 행정관리(6); 비즈니스 정책 및 행정관리(2); 운송정책 및 행정관리(1); 거시경제 정책(1)
말레이시아,기술환경에너지,9,0.3214,3,440057.0,440057.0,연구/과학기관(3); 엔지니어링(기계공업)(3); 항공운송(1); 수자원정책 및 행정관리(1); 정보통신기술(1)
말레이시아,교육,3,0.1071,3,40061.04,40061.04,의료교육 및 훈련(1); 무역교육 및 훈련(1); 교육정책 및 행정관리(1)
말레이시아,기타,2,0.0714,2,43460.0,43460.0,원자력 발전소(1); 이민 이주 원활화(1)
말레이시아,보건의료,2,0.0714,2,11498.0,11498.0,보건정책 및 행정관리(2)
말레이시아,농림수산,2,0.0714,2,11159.0,11159.0,농업 개발(1); 농업정책 및 행정관리(1)
말리,공공행정,3,0.75,3,401694.0,296413.03,공공정책 및 행정관리(3)
말리,교육,1,0.25,1,22498.0,22498.0,교사훈련(1)
멕시코,보건의료,3,0.3,3,94149.0,94149.0,보건정책 및 행정관리(2); 기초의료설비(1)
멕시코,기술환경에너지,2,0.2,2,81818.03,81818.03,환경정책 및 행정관리(2)
멕시코,공공행정,2,0.2,1,0.04,0.04,공공정책 및 행정관리(1); 공공 조달(1)
멕시코,교육,1,0.1,1,6273.0,6273.0,의료교육 및 훈련(1)
멕시코,기타,1,0.1,1,12300.0,12300.0,개도국 국내 재원조성(1)
멕시코,긴급구호/취약성,1,0.1,1,7018.0,7018.0,재난 대비능력 강화(1)
모로코,교육,43,0.3413,6,9962836.73,4874940.2,"교육정책 및 행정관리(7); 전문대,대학(원) 교육(5); 성인 기초생활교육(5); 교사훈련(5); 교육시설 및 특별연수(4)"
모로코,기술환경에너지,31,0.246,6,16995688.25,9548252.38,에너지정책 및 행정관리(9); 정보통신기술(6); 에너지 보존 및 수요 효율성(6); 라디오/텔레비전/인쇄매체(2); 문화 및 레크리에이션(2)
모로코,공공행정,19,0.1508,5,748291.15,831806.15,공공정책 및 행정관리(12); 운송정책 및 행정관리(5); 통계능력 강화(1); 금융정책 및 행정관리(1)
모로코,기타,13,0.1032,6,2082420.42,2082420.42,"비특정분야(11); 섬유,피혁 및 대체소재(2)"
모로코,긴급구호/취약성,9,0.0714,5,514617.3,511368.3,사회보호/보장(5); 여성폭력 근절(3); COVID-19(1)
모로코,보건의료,9,0.0714,6,3627908.01,1453748.89,보건인력개발(4); 보건정책 및 행정관리(3); 의료서비스(2)
모로코,농림수산,2,0.0159,2,7756.0,7756.0,농업 개발(1); 농업정책 및 행정관리(1)
모리셔스,농림수산,3,0.375,3,29510.0,29510.0,농업정책 및 행정관리(2); 농업 개발(1)
모리셔스,공공행정,3,0.375,2,197943.03,197943.03,공공정책 및 행정관리(3)
모리셔스,교육,1,0.125,1,0.11,0.11,중고등교육(1)
모리셔스,기술환경에너지,1,0.125,1,0.01,0.01,환경정책 및 행정관리(1)
모리타니아,공공행정,3,0.6,2,127872.3,127872.3,공공정책 및 행정관리(3)
모리타니아,농림수산,1,0.2,1,14287.0,14287.0,수산물 유통지원(1)
모리타니아,기술환경에너지,1,0.2,1,0.02,0.02,에너지정책 및 행정관리(1)
모잠비크,공공행정,29,0.2339,6,8088549.01,4459000.97,공공정책 및 행정관리(19); 운송정책 및 행정관리(6); 분권화 및 지방정부 지원(3); 공공재정관리(1)
모잠비크,농림수산,28,0.2258,6,359294.04,350036.85,농업 개발(10); 농업정책 및 행정관리(6); 식량생산(4); 농수산물 가공업(3); 농업협동조합(2)
모잠비크,기술환경에너지,24,0.1935,6,8141950.21,1889932.39,환경정책 및 행정관리(8); 수자원정책 및 행정관리(8); 정보통신기술(5); 에너지정책 및 행정관리(2); 기술연구개발(1)
모잠비크,교육,20,0.1613,6,8044564.0,4862010.18,"직업훈련(기초,중등수준)(6); 교사훈련(6); 에너지 교육/훈련(3); 교육정책 및 행정관리(3); 고급기술 및 관리자 교육(1)"
모잠비크,기타,11,0.0887,6,745428.27,745428.27,비특정분야(11)
모잠비크,긴급구호/취약성,7,0.0565,5,495432.01,495432.01,COVID-19(3); 재난위험경감(3); 재난 대비능력 강화(1)
모잠비크,보건의료,5,0.0403,4,51730.16,53246.16,보건정책 및 행정관리(4); 의료연구(1)
몬테네그로,공공행정,4,0.4444,4,439058.0,439058.0,공공정책 및 행정관리(4)
몬테네그로,보건의료,2,0.2222,2,529626.0,529626.0,보건정책 및 행정관리(1); 기초의료설비(1)
몬테네그로,기타,1,0.1111,1,5645.0,5645.0,원자력 발전소(1)
몬테네그로,교육,1,0.1111,1,6273.0,6273.0,의료교육 및 훈련(1)
몬테네그로,기술환경에너지,1,0.1111,1,249394.0,249394.0,환경연구(1)
몰도바,보건의료,3,0.6,3,737707.72,737707.72,기초의료설비(2); 의료서비스(1)
몰도바,기술환경에너지,2,0.4,2,328792.0,328792.0,정보통신기술(2)
몰디브,기술환경에너지,2,0.3333,1,15398.0,15398.0,항공운송(1); 정보통신기술(1)
몰디브,공공행정,2,0.3333,1,22756.0,22756.0,운송정책 및 행정관리(1); 공공정책 및 행정관리(1)
몰디브,교육,1,0.1667,1,180000.0,245.0,의료교육 및 훈련(1)
몰디브,보건의료,1,0.1667,1,0.0,0.1,기초의료설비(1)
몽골,공공행정,151,0.3152,6,28032096.04,17585170.54,공공정책 및 행정관리(57); 공공재정관리(16); 분권화 및 지방정부 지원(15); 통신정책 및 행정관리(12); 통상정책 및 행정관리(11)
몽골,기술환경에너지,113,0.2359,6,31219215.71,6651914.16,정보통신기술(25); 도시개발 및 관리(23); 에너지정책 및 행정관리(15); 환경정책 및 행정관리(13); 환경연구(8)
몽골,교육,96,0.2004,6,41034282.82,20178956.41,"전문대,대학(원) 교육(19); 교육정책 및 행정관리(15); 고급기술 및 관리자 교육(11); 초등교육(8); 에너지 교육/훈련(7)"
몽골,보건의료,38,0.0793,6,1654482.37,1645434.37,보건정책 및 행정관리(21); 의료서비스(12); 기초보건진료(4); 보건인력개발(1)
몽골,기타,33,0.0689,6,8113610.47,3594329.47,비특정분야(12); 성평등 조직(기구) 및 제도(12); 다부문 원조(3); 책임감 있는 비즈니스(3); 원자력 발전소(1)
몽골,농림수산,32,0.0668,6,779825.14,777712.14,농업정책 및 행정관리(9); 농업 개발(7); 농촌개발(6); 농업 연구(3); 농수산물 가공업(3)
몽골,긴급구호/취약성,16,0.0334,6,967043.14,967043.14,"사회보호/보장(5); COVID-19(3); 재난위험경감(3); 여성폭력 근절(3); 전염병 관리 및 예방(말라리아,결핵, 성병, 코로나19 제외)(2)"
미얀마,공공행정,81,0.2893,6,16338673.01,2571751.01,공공정책 및 행정관리(27); 통상정책 및 행정관리(12); 통신정책 및 행정관리(9); 분권화 및 지방정부 지원(9); 금융정책 및 행정관리(8)
미얀마,기술환경에너지,68,0.2429,6,36356101.01,3832080.01,도시개발 및 관리(13); 정보통신기술(12); 기술연구개발(7); 에너지정책 및 행정관리(6); 항공운송(5)
미얀마,농림수산,62,0.2214,6,43942459.0,11529753.17,농업 개발(18); 농촌개발(14); 식량생산(12); 농업정책 및 행정관리(6); 농업관련 서비스(6)
미얀마,교육,39,0.1393,6,7363060.06,19862289.11,"교육시설 및 특별연수(7); 교사훈련(7); 고급기술 및 관리자 교육(7); 전문대,대학(원) 교육(3); 직업훈련(기초,중등수준)(3)"
미얀마,기타,20,0.0714,6,2411957.13,2410880.13,"비특정분야(8); 성평등 조직(기구) 및 제도(8); 섬유,피혁 및 대체소재(2); 해양광물(1); 원자력 발전소(1)"
미얀마,보건의료,7,0.025,2,410105.0,410105.0,기초보건진료(3); 의료서비스(2); 보건정책 및 행정관리(2)
미얀마,긴급구호/취약성,3,0.0107,2,1133900.0,1133900.0,사회보호/보장(2); COVID-19(1)
바누아투,공공행정,1,1.0,1,194885.0,194885.0,공공정책 및 행정관리(1)
방글라데시,공공행정,98,0.3391,6,39653698.23,11012651.93,공공정책 및 행정관리(46); 운송정책 및 행정관리(15); 금융정책 및 행정관리(6); 치안제도 관리 및 개선(5); 통상정책 및 행정관리(4)
방글라데시,기술환경에너지,49,0.1696,6,6877380.1,6518200.48,정보통신기술(13); 도시개발 및 관리(9); 중소기업 개발(6); 엔지니어링(기계공업)(4); 에너지정책 및 행정관리(3)
방글라데시,교육,37,0.128,6,1626809.94,10088495.69,"직업훈련(기초,중등수준)(11); 교육정책 및 행정관리(10); 고급기술 및 관리자 교육(5); 의료교육 및 훈련(3); 교육시설 및 특별연수(3)"
방글라데시,기타,35,0.1211,6,2905428.46,3458962.46,비특정분야(15); 성평등 조직(기구) 및 제도(8); 다부문 원조(3); 책임감 있는 비즈니스(3); 마약관리(2)
방글라데시,농림수산,32,0.1107,6,256760.15,247766.15,농업정책 및 행정관리(6); 농촌개발(6); 어업 개발(6); 식량생산(6); 농업 개발(3)
방글라데시,보건의료,23,0.0796,6,2367615.13,7505659.13,보건정책 및 행정관리(11); 의료서비스(5); 기초의료설비(5); 기초보건진료(1); 보건인력개발(1)
방글라데시,긴급구호/취약성,15,0.0519,6,251916.01,6878496.26,재난 대비능력 강화(6); 재난위험경감(3); 인권 강화(2); 사회보호/보장(2); COVID-19(2)
베냉,공공행정,2,0.6667,2,490531.0,490531.0,공공정책 및 행정관리(2)
베냉,기술환경에너지,1,0.3333,1,5900.0,5900.0,항공운송(1)
베네수엘라,기술환경에너지,2,0.4,2,12771.0,12377.0,에너지정책 및 행정관리(2)
베네수엘라,농림수산,2,0.4,2,12771.0,12377.0,어업 개발(2)
베네수엘라,공공행정,1,0.2,1,8924.0,8924.0,운송정책 및 행정관리(1)
베트남,공공행정,151,0.2721,6,65318622.46,19750424.0,공공정책 및 행정관리(86); 분권화 및 지방정부 지원(12); 운송정책 및 행정관리(9); 통상정책 및 행정관리(8); 금융정책 및 행정관리(7)
베트남,기술환경에너지,113,0.2036,6,55196885.94,25115154.13,도시개발 및 관리(28); 정보통신기술(17); 수자원정책 및 행정관리(13); 환경정책 및 행정관리(10); 엔지니어링(기계공업)(6)
베트남,교육,105,0.1892,6,40697688.94,37394217.48,"전문대,대학(원) 교육(18); 교육정책 및 행정관리(14); 고급기술 및 관리자 교육(14); 환경교육/훈련(9); 취학전교육(8)"
베트남,농림수산,83,0.1495,6,48076209.19,22330528.5,농업 개발(23); 식량생산(21); 농촌개발(18); 농업 연구(8); 농업정책 및 행정관리(6)
베트남,기타,38,0.0685,6,5011833.91,19138509.91,"비특정분야(16); 성평등 조직(기구) 및 제도(11); 지뢰제거(3); 책임감 있는 비즈니스(3); 섬유,피혁 및 대체소재(2)"
베트남,보건의료,34,0.0613,6,1371759.53,2775952.26,보건정책 및 행정관리(18); 의료서비스(13); 기초보건진료(3)
베트남,긴급구호/취약성,31,0.0559,6,28627167.16,11300356.2,여성폭력 근절(9); 사회보호/보장(6); COVID-19(6); 재난 대비능력 강화(6); 인권 강화(3)
벨라루스,공공행정,3,0.6,3,36549.0,35291.0,통신정책 및 행정관리(3)
벨라루스,기술환경에너지,1,0.2,1,8141.0,8141.0,정보통신기술(1)
벨라루스,보건의료,1,0.2,1,99580.0,99580.0,기초의료설비(1)
벨리즈,공공행정,7,0.5385,3,1184767.03,686939.53,공공정책 및 행정관리(7)
벨리즈,긴급구호/취약성,2,0.1538,2,215780.0,215780.0,COVID-19(1); 재난 대비능력 강화(1)
벨리즈,기타,1,0.0769,1,10099.0,10099.0,비특정분야(1)
벨리즈,교육,1,0.0769,1,10005.0,10005.0,교육정책 및 행정관리(1)
벨리즈,기술환경에너지,1,0.0769,1,0.01,0.01,환경정책 및 행정관리(1)
벨리즈,농림수산,1,0.0769,1,0.02,0.02,어업 개발(1)
보스니아헤르체고비나,공공행정,2,0.6667,2,13218.0,13218.0,공공정책 및 행정관리(1); 치안제도 관리 및 개선(1)
보스니아헤르체고비나,교육,1,0.3333,1,97926.0,97926.0,"직업훈련(기초,중등수준)(1)"
보츠와나,교육,4,0.4444,4,1068592.0,1040251.0,"교육시설 및 특별연수(2); 초등교육(1); 직업훈련(기초,중등수준)(1)"
보츠와나,공공행정,3,0.3333,2,14857.02,14857.02,공공정책 및 행정관리(3)
보츠와나,보건의료,1,0.1111,1,0.02,0.02,보건정책 및 행정관리(1)
보츠와나,기술환경에너지,1,0.1111,1,0.0,0.02,정보통신기술(1)
볼리비아,교육,50,0.2381,6,4132303.93,4132284.3,"전문대,대학(원) 교육(6); 교육정책 및 행정관리(6); 초등교육(5); 비정규 농업훈련(5); 직업훈련(기초,중등수준)(5)"
볼리비아,기술환경에너지,38,0.181,6,3683042.05,3681784.05,정보통신기술(9); 엔지니어링(기계공업)(7); 환경정책 및 행정관리(4); 무역진흥(4); 환경연구(3)
볼리비아,공공행정,36,0.1714,6,2534499.25,2534491.28,공공정책 및 행정관리(20); 비즈니스 정책 및 행정관리(5); 관광정책 및 행정관리(3); 금융정책 및 행정관리(2); 운송정책 및 행정관리(1)
볼리비아,농림수산,32,0.1524,6,1242373.39,10336708.38,농업용수자원(9); 농업정책 및 행정관리(7); 농수산물 가공업(6); 농업관련 기자재(6); 농촌개발(3)
볼리비아,보건의료,32,0.1524,6,19850335.37,15645728.38,의료서비스(15); 기초보건진료(7); 기초의료설비(4); 보건정책 및 행정관리(4); 생식보건(2)
볼리비아,기타,13,0.0619,6,3476456.71,3476456.71,비특정분야(12); 성평등 조직(기구) 및 제도(1)
볼리비아,긴급구호/취약성,9,0.0429,6,1502728.14,1502728.14,사회보호/보장(7); COVID-19(2)
부룬디,공공행정,32,0.4776,6,622792.33,622764.28,공공정책 및 행정관리(15); 통신정책 및 행정관리(9); 금융정책 및 행정관리(3); 통상정책 및 행정관리(3); 거시경제 정책(1)
부룬디,기술환경에너지,14,0.209,5,121329.04,119596.04,도시개발 및 관리(4); 에너지정책 및 행정관리(4); 정보통신기술(3); 수자원보호(2); 항공운송(1)
부룬디,보건의료,11,0.1642,5,1076048.04,887607.24,보건정책 및 행정관리(9); 생식보건(1); 의료서비스(1)
부룬디,기타,6,0.0896,5,69529.01,65804.01,성평등 조직(기구) 및 제도(3); 책임감 있는 비즈니스(3)
부룬디,긴급구호/취약성,3,0.0448,3,32511.01,29262.01,여성폭력 근절(3)
부룬디,교육,1,0.0149,1,11249.0,11249.0,교사훈련(1)
부르키나파소,공공행정,7,0.7778,4,935939.0,935939.0,공공정책 및 행정관리(4); 치안제도 관리 및 개선(2); 운송정책 및 행정관리(1)
부르키나파소,기술환경에너지,1,0.1111,1,5900.0,5900.0,항공운송(1)
부르키나파소,농림수산,1,0.1111,1,2018.0,2018.0,농업 개발(1)
부탄,교육,11,0.3056,5,562788.0,562788.0,교육시설 및 특별연수(3); 중고등교육(2); 초등교육(2); 교육정책 및 행정관리(2); 교사훈련(1)
부탄,공공행정,9,0.25,5,661420.03,656186.03,공공정책 및 행정관리(8); 통계능력 강화(1)
부탄,기술환경에너지,9,0.25,5,7231142.0,604562.51,문화 및 레크리에이션(6); 항공운송(2); 정보통신기술(1)
부탄,농림수산,3,0.0833,2,506295.0,71678.4,축산(2); 농촌개발(1)
부탄,기타,2,0.0556,2,139628.0,139628.0,비특정분야(2)
부탄,긴급구호/취약성,1,0.0278,1,206588.0,206588.0,COVID-19(1)
부탄,보건의료,1,0.0278,1,0.22,0.22,기초의료설비(1)
북마케도니아,보건의료,2,0.5,2,11498.0,11498.0,보건정책 및 행정관리(2)
북마케도니아,교육,1,0.25,1,6273.0,6273.0,의료교육 및 훈련(1)
북마케도니아,공공행정,1,0.25,1,0.44,0.44,공공정책 및 행정관리(1)
브라질,기술환경에너지,2,0.4,2,1022733.0,1022733.0,생물권역 보호(1); 환경정책 및 행정관리(1)
브라질,공공행정,1,0.2,1,8390.0,8390.0,공공정책 및 행정관리(1)
브라질,보건의료,1,0.2,1,192982.0,192982.0,기초보건진료(1)
브라질,교육,1,0.2,1,0.35,0.35,"직업훈련(기초,중등수준)(1)"
사모아,보건의료,5,0.3846,4,649396.01,289066.34,기초의료설비(2); 보건정책 및 행정관리(2); 의료서비스(1)
사모아,공공행정,4,0.3077,3,541728.0,279356.26,공공정책 및 행정관리(4)
사모아,교육,2,0.1538,2,201816.0,201816.0,교육연구(1); 어업 교육/훈련(1)
사모아,기술환경에너지,2,0.1538,2,258970.02,258970.02,환경정책 및 행정관리(2)
상투메프린시페,공공행정,4,0.8,3,449361.3,463305.24,공공정책 및 행정관리(4)
상투메프린시페,보건의료,1,0.2,1,181207.0,181207.0,기초의료설비(1)
서안지구 및 가자지구,공공행정,31,0.4921,6,902191.61,5169517.61,공공정책 및 행정관리(21); 통신정책 및 행정관리(7); 입법 및 사법제도 개발(1); 치안제도 관리 및 개선(1); 공공 조달(1)
서안지구 및 가자지구,교육,10,0.1587,6,6886130.0,3796967.58,"전문대,대학(원) 교육(3); 직업훈련(기초,중등수준)(3); 교사훈련(2); 고급기술 및 관리자 교육(1); 성인 기초생활교육(1)"
서안지구 및 가자지구,기술환경에너지,9,0.1429,6,139068.14,374027.14,에너지정책 및 행정관리(5); 도시개발 및 관리(3); 연구/과학기관(1)
서안지구 및 가자지구,농림수산,4,0.0635,2,139474.0,133082.0,농업정책 및 행정관리(1); 농업금융 서비스(1); 농촌 토지 정책 및 관리(Voluntary code)(1); 농업 개발(1)
서안지구 및 가자지구,기타,4,0.0635,4,331112.17,331112.17,비특정분야(4)
서안지구 및 가자지구,보건의료,4,0.0635,3,2999225.12,550691.12,의료서비스(2); 기초의료설비(1); 보건정책 및 행정관리(1)
서안지구 및 가자지구,긴급구호/취약성,1,0.0159,1,233432.0,220353.0,재난 대비능력 강화(1)
세네갈,교육,48,0.2682,6,2572661.61,10797286.62,"취학전교육(13); 교육정책 및 행정관리(12); 전문대,대학(원) 교육(9); 운송 및 창고부문 교육(3); 교사훈련(2)"
세네갈,기술환경에너지,29,0.162,6,1515875.16,5082702.43,정보통신기술(9); 항공운송(5); 중소기업 개발(4); 수송기계 산업(3); 환경연구(2)
세네갈,기타,29,0.162,6,3380550.42,3380310.42,"비특정분야(15); 성평등 조직(기구) 및 제도(12); 섬유,피혁 및 대체소재(2)"
세네갈,농림수산,28,0.1564,6,28702722.0,11647546.98,농업 개발(19); 농촌개발(6); 농업협동조합(1); 농업정책 및 행정관리(1); 식량생산(1)
세네갈,공공행정,20,0.1117,6,6353121.1,1325922.18,공공정책 및 행정관리(13); 입법 및 사법제도 개발(4); 통계능력 강화(1); 통상정책 및 행정관리(1); 운송정책 및 행정관리(1)
세네갈,보건의료,17,0.095,6,7611152.6,9667792.02,기초보건진료(5); 기초의료설비(5); 보건정책 및 행정관리(3); 의료서비스(2); 생식보건(1)
세네갈,긴급구호/취약성,8,0.0447,6,197922.01,194673.01,사회보호/보장(3); 여성폭력 근절(3); COVID-19(2)
세르비아,보건의료,3,0.25,3,200292.0,200292.0,보건정책 및 행정관리(2); 기초의료설비(1)
세르비아,교육,3,0.25,2,111672.0,107623.0,고급기술 및 관리자 교육(2); 의료교육 및 훈련(1)
세르비아,공공행정,2,0.1667,2,120017.0,120017.0,운송정책 및 행정관리(1); 치안제도 관리 및 개선(1)
세르비아,기술환경에너지,2,0.1667,2,106171.11,106171.11,정보통신기술(1); 환경연구(1)
세르비아,긴급구호/취약성,1,0.0833,1,128464.0,128464.0,사회보호/보장(1)
세르비아,기타,1,0.0833,1,0.39,0.39,비특정분야(1)
세인트루시아,기술환경에너지,5,0.7143,3,194999.0,128084.22,문화 및 레크리에이션(2); 도로운송(2); 항공운송(1)
세인트루시아,공공행정,1,0.1429,1,113276.0,113276.0,공공정책 및 행정관리(1)
세인트루시아,보건의료,1,0.1429,1,204158.0,204158.0,의료서비스(1)
세인트빈센트그레나딘,교육,2,0.6667,2,113276.01,113276.01,교육시설 및 특별연수(1); 교육정책 및 행정관리(1)
세인트빈센트그레나딘,기술환경에너지,1,0.3333,1,146232.0,146232.0,에너지정책 및 행정관리(1)
소말리아,보건의료,2,0.6667,2,160000.0,118185.01,보건정책 및 행정관리(1); 의료서비스(1)
소말리아,기타,1,0.3333,1,168237.0,168237.0,고용 창출(1)
솔로몬제도,기술환경에너지,25,0.3846,5,458384.03,454970.03,기술연구개발(7); 환경연구(5); 수송기계 산업(2); 엔지니어링(기계공업)(2); 정보통신기술(2)
솔로몬제도,교육,14,0.2154,3,786028.0,785634.0,"어업 교육/훈련(3); 직업훈련(기초,중등수준)(2); 중고등교육(2); 취학전교육(2); 초등교육(2)"
솔로몬제도,농림수산,8,0.1231,2,77980.0,76984.0,농촌개발(3); 농수산물 가공업(2); 식량생산(2); 농업정책 및 행정관리(1)
솔로몬제도,보건의료,7,0.1077,4,105182.01,1475575.01,기초보건진료(2); 생식보건(2); 보건인력개발(2); 보건정책 및 행정관리(1)
솔로몬제도,공공행정,7,0.1077,5,1183147.0,1182359.0,공공정책 및 행정관리(3); 통상정책 및 행정관리(2); 금융정책 및 행정관리(2)
솔로몬제도,기타,4,0.0615,2,442681.0,442681.0,"비특정분야(2); 섬유,피혁 및 대체소재(2)"
수단,보건의료,5,0.2778,4,7005181.0,4950835.0,기초보건진료(4); 보건정책 및 행정관리(1)
수단,교육,5,0.2778,5,5000000.0,1736322.02,"직업훈련(기초,중등수준)(5)"
수단,기술환경에너지,3,0.1667,3,201852.0,231487.0,문화 및 레크리에이션(2); 환경연구(1)
수단,기타,2,0.1111,2,48023.0,48023.0,비특정분야(2)
수단,농림수산,2,0.1111,2,11159.0,11159.0,농업 개발(1); 농업정책 및 행정관리(1)
수단,긴급구호/취약성,1,0.0556,1,0.0,0.0,"전염병 관리 및 예방(말라리아,결핵, 성병, 코로나19 제외)(1)"
수리남,기술환경에너지,4,0.5714,2,16523.05,16523.05,환경정책 및 행정관리(3); 에너지정책 및 행정관리(1)
수리남,농림수산,2,0.2857,2,605186.02,605186.02,농업관련 기자재(1); 어업 개발(1)
수리남,보건의료,1,0.1429,1,403458.0,403458.0,의료서비스(1)
스리랑카,공공행정,77,0.2593,6,13774652.86,4358155.28,공공정책 및 행정관리(38); 공공재정관리(8); 통신정책 및 행정관리(6); 입법 및 사법제도 개발(6); 거시경제 정책(4)
스리랑카,교육,63,0.2121,6,12977199.06,19375791.53,"교육정책 및 행정관리(13); 전문대,대학(원) 교육(13); 교육시설 및 특별연수(9); 초등교육(9); 직업훈련(기초,중등수준)(7)"
스리랑카,기술환경에너지,61,0.2054,6,5254878.43,2690156.52,정보통신기술(17); 도시개발 및 관리(12); 수자원정책 및 행정관리(5); 환경정책 및 행정관리(5); 에너지정책 및 행정관리(5)
스리랑카,농림수산,39,0.1313,6,7438131.04,6026607.61,농업정책 및 행정관리(8); 어업 개발(6); 농촌개발(6); 농업관련 서비스(6); 식량생산(5)
스리랑카,기타,28,0.0943,6,4183524.34,4182900.34,성평등 조직(기구) 및 제도(12); 비특정분야(12); 다부문 원조(3); 석유 및 가스(1)
스리랑카,보건의료,22,0.0741,6,1441844.24,6443737.27,의료서비스(14); 보건정책 및 행정관리(4); 기초의료설비(3); 기초보건진료(1)
스리랑카,긴급구호/취약성,7,0.0236,3,81311.09,78062.09,여성폭력 근절(4); 사회보호/보장(3)
시리아,보건의료,1,0.3333,1,5613.0,5613.0,보건정책 및 행정관리(1)
시리아,공공행정,1,0.3333,1,4828.0,4828.0,치안제도 관리 및 개선(1)
시리아,농림수산,1,0.3333,1,5104.0,5104.0,농업정책 및 행정관리(1)
시에라리온,공공행정,8,0.4444,3,572123.15,572123.15,공공정책 및 행정관리(7); 통상정책 및 행정관리(1)
시에라리온,기술환경에너지,5,0.2778,3,19534.04,19534.04,정보통신기술(3); 항공운송(1); 수자원보호(1)
시에라리온,보건의료,4,0.2222,2,6519.25,6519.25,보건인력개발(3); 기초보건진료(1)
시에라리온,긴급구호/취약성,1,0.0556,1,200168.0,200168.0,여성폭력 근절(1)
아르메니아,공공행정,2,0.5,1,31150.0,31150.0,공공정책 및 행정관리(2)
아르메니아,보건의료,2,0.5,2,335649.0,335649.0,기초의료설비(2)
아르헨티나,보건의료,2,0.4,2,22724.0,22724.0,보건정책 및 행정관리(2)
아르헨티나,교육,1,0.2,1,6273.0,6273.0,의료교육 및 훈련(1)
아르헨티나,농림수산,1,0.2,1,373696.0,373696.0,농업관련 기자재(1)
아르헨티나,기술환경에너지,1,0.2,1,0.0,0.0,환경정책 및 행정관리(1)
아메리카 지역 (미배분),기타,6,0.5,6,12122440.91,12122440.91,비특정분야(6)
아메리카 지역 (미배분),기술환경에너지,6,0.5,6,0.0,1526727.0,환경정책 및 행정관리(6)
아시아 지역 (미배분),기타,5,0.4167,5,29790566.59,29790566.59,비특정분야(5)
아시아 지역 (미배분),기술환경에너지,5,0.4167,5,4000000.0,3131749.45,환경정책 및 행정관리(5)
아시아 지역 (미배분),긴급구호/취약성,2,0.1667,2,467785.0,467785.0,COVID-19(2)
아이티,공공행정,5,0.5556,4,241561.0,241085.0,분권화 및 지방정부 지원(3); 공공정책 및 행정관리(1); 입법 및 사법제도 개발(1)
아이티,기술환경에너지,2,0.2222,2,18188.1,18188.42,환경정책 및 행정관리(1); 도로운송(1)
아이티,농림수산,1,0.1111,1,3704.0,3497.0,식량생산(1)
아이티,교육,1,0.1111,1,1450000.0,1040914.0,초등교육(1)
아제르바이잔,공공행정,53,0.351,6,2982866.34,1857028.74,공공정책 및 행정관리(20); 금융정책 및 행정관리(12); 분권화 및 지방정부 지원(9); 공업정책 및 행정관리(4); 공공재정관리(4)
아제르바이잔,기술환경에너지,39,0.2583,6,1301663.17,1301591.17,정보통신기술(8); 도시개발 및 관리(8); 환경정책 및 행정관리(5); 에너지정책 및 행정관리(4); 환경연구(4)
아제르바이잔,농림수산,20,0.1325,6,704261.2,686928.2,농업정책 및 행정관리(10); 농업 개발(7); 농촌개발(3)
아제르바이잔,기타,16,0.106,6,1130102.19,1130626.19,비특정분야(12); 성평등 조직(기구) 및 제도(3); 식품 안전과 품질(1)
아제르바이잔,교육,9,0.0596,5,238649.0,4876635.0,"교사훈련(5); 교육시설 및 특별연수(2); 직업훈련(기초,중등수준)(1); 고급기술 및 관리자 교육(1)"
아제르바이잔,긴급구호/취약성,7,0.0464,5,274000.0,274000.0,"COVID-19(2); 재난위험경감(2); 전염병 관리 및 예방(말라리아,결핵, 성병, 코로나19 제외)(2); 인권 강화(1)"
아제르바이잔,보건의료,7,0.0464,5,447608.78,455860.78,보건정책 및 행정관리(4); 의료서비스(2); 인구정책 및 생식보건 인력개발(1)
아프가니스탄,공공행정,38,0.3762,5,736429.0,719358.0,금융정책 및 행정관리(8); 통신정책 및 행정관리(8); 분권화 및 지방정부 지원(6); 통상정책 및 행정관리(6); 공공정책 및 행정관리(3)
아프가니스탄,농림수산,22,0.2178,5,272505.0,268983.0,농업 개발(8); 식량생산(8); 어업 개발(3); 농촌개발(3)
아프가니스탄,기술환경에너지,21,0.2079,4,256636.0,617831.0,환경연구(8); 기술연구개발(3); 에너지정책 및 행정관리(3); 수자원정책 및 행정관리(2); 도시개발 및 관리(2)
아프가니스탄,보건의료,8,0.0792,5,122785.0,123141.0,보건정책 및 행정관리(8)
아프가니스탄,교육,6,0.0594,2,10234415.0,1522294.0,교육시설 및 특별연수(1); 교육연구(1); 고급기술 및 관리자 교육(1); 교사훈련(1); 의료교육 및 훈련(1)
아프가니스탄,기타,3,0.0297,2,280464.0,274793.0,성평등 조직(기구) 및 제도(2); 해양광물(1)
아프가니스탄,긴급구호/취약성,3,0.0297,3,39411.0,40927.0,재난위험경감(3)
아프리카 지역 (미배분),긴급구호/취약성,7,0.5385,5,14788967.0,12469032.97,"전염병 관리 및 예방(말라리아,결핵, 성병, 코로나19 제외)(4); COVID-19(3)"
아프리카 지역 (미배분),기타,6,0.4615,6,23719189.76,23719189.76,비특정분야(6)
알바니아,공공행정,2,1.0,2,31156.0,31156.0,치안제도 관리 및 개선(1); 공공정책 및 행정관리(1)
알제리,공공행정,39,0.3578,6,7137798.06,1296591.64,공공정책 및 행정관리(11); 분권화 및 지방정부 지원(7); 운송정책 및 행정관리(5); 통신정책 및 행정관리(5); 통상정책 및 행정관리(4)
알제리,기술환경에너지,27,0.2477,6,13372071.06,1735392.37,에너지정책 및 행정관리(10); 환경정책 및 행정관리(6); 무역진흥(4); 수자원정책 및 행정관리(3); 기술연구개발(2)
알제리,농림수산,20,0.1835,6,860664.01,3292790.07,농업 개발(10); 어업 개발(9); 어업정책 및 행정관리(1)
알제리,기타,14,0.1284,6,939286.09,939286.09,비특정분야(10); 석유 및 가스(1); 구호 물자지원 및 서비스(1); 성평등 조직(기구) 및 제도(1); 개도국 국내 재원조성(1)
알제리,교육,6,0.055,3,396256.0,397772.0,운송 및 창고부문 교육(3); 에너지 교육/훈련(2); 고급기술 및 관리자 교육(1)
알제리,보건의료,2,0.0183,1,0.03,0.03,보건정책 및 행정관리(1); 보건인력개발(1)
알제리,긴급구호/취약성,1,0.0092,1,21055.0,21055.0,재난 대비능력 강화(1)
앙골라,공공행정,6,0.4286,6,726134.0,726134.0,공공정책 및 행정관리(6)
앙골라,교육,6,0.4286,4,5799411.0,1628063.94,운송 및 창고부문 교육(3); 교사훈련(3)
앙골라,보건의료,1,0.0714,1,0.4,0.4,보건정책 및 행정관리(1)
앙골라,긴급구호/취약성,1,0.0714,1,0.01,0.01,재난위험경감(1)
에리트레아,공공행정,1,1.0,1,0.0,0.0,공공정책 및 행정관리(1)
에스와티니,공공행정,11,0.6875,6,534916.03,528830.03,공공정책 및 행정관리(11)
에스와티니,교육,2,0.125,1,159112.0,159112.0,교육정책 및 행정관리(1); 교육시설 및 특별연수(1)
에스와티니,보건의료,2,0.125,2,75918.14,75918.14,보건정책 및 행정관리(2)
에스와티니,긴급구호/취약성,1,0.0625,1,0.03,0.03,사회보호/보장(1)
에콰도르,기술환경에너지,113,0.3373,6,33135725.82,8865657.22,정보통신기술(19); 기술연구개발(15); 에너지정책 및 행정관리(14); 도시개발 및 관리(13); 환경정책 및 행정관리(10)
에콰도르,공공행정,77,0.2299,6,3291740.18,3247961.2,공공정책 및 행정관리(31); 분권화 및 지방정부 지원(9); 통상정책 및 행정관리(8); 공공재정관리(6); 운송정책 및 행정관리(5)
에콰도르,교육,58,0.1731,6,2966432.26,2964087.26,"교육정책 및 행정관리(24); 전문대,대학(원) 교육(5); 취학전교육(5); 비정규 농업훈련(4); 고급기술 및 관리자 교육(3)"
에콰도르,기타,29,0.0866,6,2772127.97,2766142.97,비특정분야(12); 성평등 조직(기구) 및 제도(11); 책임감 있는 비즈니스(3); 석유 및 가스(1); 반부패기구 및 제도 지원(1)
에콰도르,농림수산,28,0.0836,6,603618.02,596715.02,농업 개발(9); 농촌개발(6); 농업정책 및 행정관리(6); 농수산물 가공업(3); 축산(2)
에콰도르,보건의료,23,0.0687,6,1593825.03,2597428.03,보건정책 및 행정관리(13); 의료서비스(6); 기초보건진료(4)
에콰도르,긴급구호/취약성,7,0.0209,5,926781.07,926781.07,사회보호/보장(5); COVID-19(2)
에티오피아,공공행정,76,0.2508,6,12318286.45,7643661.16,공공정책 및 행정관리(24); 금융정책 및 행정관리(12); 통신정책 및 행정관리(12); 통상정책 및 행정관리(9); 분권화 및 지방정부 지원(7)
에티오피아,교육,62,0.2046,6,24069057.53,21961339.12,"초등교육(10); 교사훈련(7); 전문대,대학(원) 교육(6); 식수공급 및 위생처리 부문교육(6); 교육정책 및 행정관리(5)"
에티오피아,농림수산,48,0.1584,6,22042367.06,16275837.34,농촌개발(15); 농업 개발(9); 식량생산(7); 농업용수자원(4); 농업관련 서비스(4)
에티오피아,기술환경에너지,41,0.1353,6,11275360.0,9116504.83,도시개발 및 관리(9); 항공운송(5); 정보통신기술(5); 에너지정책 및 행정관리(5); 수자원정책 및 행정관리(4)
에티오피아,보건의료,34,0.1122,6,5656523.59,10129332.08,보건정책 및 행정관리(16); 의료서비스(8); 생식보건(6); 기초보건진료(4)
에티오피아,기타,31,0.1023,6,26086717.68,12973652.74,"비특정분야(15); 가족계획(6); 성평등 조직(기구) 및 제도(4); 섬유,피혁 및 대체소재(3); 노동 권리(2)"
에티오피아,긴급구호/취약성,11,0.0363,6,5317824.14,5319340.14,사회보호/보장(5); COVID-19(3); 재난위험경감(3)
엘살바도르,공공행정,48,0.384,6,12919200.31,7171547.89,공공정책 및 행정관리(26); 치안제도 관리 및 개선(10); 운송정책 및 행정관리(7); 입법 및 사법제도 개발(2); 공업정책 및 행정관리(1)
엘살바도르,교육,30,0.24,6,13279148.63,3589134.95,"전문대,대학(원) 교육(7); 의료교육 및 훈련(6); 교육정책 및 행정관리(6); 고급기술 및 관리자 교육(3); 직업훈련(기초,중등수준)(2)"
엘살바도르,기술환경에너지,16,0.128,6,504693.15,4730324.15,수자원보호(3); 정보통신기술(3); 에너지정책 및 행정관리(2); 도시개발 및 관리(2); 환경정책 및 행정관리(2)
엘살바도르,기타,12,0.096,6,1579928.31,1580877.31,"비특정분야(10); 개도국 국내 재원조성(1); 섬유,피혁 및 대체소재(1)"
엘살바도르,보건의료,11,0.088,4,6163343.21,1260976.68,보건정책 및 행정관리(4); 기초의료설비(3); 생식보건(2); 의료서비스(2)
엘살바도르,농림수산,6,0.048,4,110172.01,109778.01,농촌개발(4); 농업정책 및 행정관리(1); 농업 개발(1)
엘살바도르,긴급구호/취약성,2,0.016,2,17971.0,17971.0,COVID-19(2)
예멘,농림수산,3,0.3333,3,16309.0,16309.0,농업 개발(1); 농업정책 및 행정관리(1); 농촌개발(1)
예멘,공공행정,3,0.3333,2,18629.03,18629.03,공공정책 및 행정관리(2); 치안제도 관리 및 개선(1)
예멘,기타,1,0.1111,1,17229.0,17229.0,반부패기구 및 제도 지원(1)
예멘,긴급구호/취약성,1,0.1111,1,14036.0,14036.0,재난 대비능력 강화(1)
예멘,기술환경에너지,1,0.1111,1,15251.0,15251.0,수로운송(1)
온두라스,공공행정,21,0.3,6,1047638.24,1607997.24,공공정책 및 행정관리(8); 치안제도 관리 및 개선(7); 관광정책 및 행정관리(3); 통상정책 및 행정관리(2); 입법 및 사법제도 개발(1)
온두라스,교육,16,0.2286,5,1071950.0,2566412.0,"교사훈련(5); 성인 기초생활교육(2); 전문대,대학(원) 교육(2); 직업훈련(기초,중등수준)(2); 교육정책 및 행정관리(2)"
온두라스,기술환경에너지,12,0.1714,4,428644.05,428644.05,환경정책 및 행정관리(5); 정보통신기술(4); 엔지니어링(기계공업)(1); 문화 및 레크리에이션(1); 에너지정책 및 행정관리(1)
온두라스,농림수산,9,0.1286,5,186680.01,186182.01,농촌개발(5); 농업정책 및 행정관리(3); 농업 개발(1)
온두라스,기타,5,0.0714,4,321513.04,321409.04,"비특정분야(2); 성평등 조직(기구) 및 제도(1); 개도국 국내 재원조성(1); 섬유,피혁 및 대체소재(1)"
온두라스,보건의료,5,0.0714,3,455836.27,455836.27,의료서비스(3); 기초보건진료(2)
온두라스,긴급구호/취약성,2,0.0286,2,363126.0,363126.0,사회보호/보장(2)
요르단,교육,51,0.3643,6,12007579.55,22947231.04,"전문대,대학(원) 교육(10); 중고등교육(8); 교육시설 및 특별연수(5); 성인 기초생활교육(5); 초등교육(5)"
요르단,공공행정,41,0.2929,6,7811158.39,3558292.27,공공정책 및 행정관리(19); 입법 및 사법제도 개발(4); 관광정책 및 행정관리(3); 치안제도 관리 및 개선(3); 금융정책 및 행정관리(3)
요르단,기술환경에너지,23,0.1643,6,19159887.99,6730883.28,수자원정책 및 행정관리(6); 기초식수공급(5); 식수개발(플랜트시설 등)(4); 정보통신기술(2); 문화 및 레크리에이션(2)
요르단,기타,15,0.1071,6,2168259.44,2168259.44,비특정분야(12); 원자력 발전소(1); 석유 및 가스(1); 고용 창출(1)
요르단,긴급구호/취약성,5,0.0357,4,158968.03,158968.03,사회보호/보장(4); 재난 대비능력 강화(1)
요르단,농림수산,3,0.0214,3,26107.0,26107.0,농업정책 및 행정관리(2); 농업 개발(1)
요르단,보건의료,2,0.0143,2,119987.0,119987.0,의료서비스(1); 보건정책 및 행정관리(1)
우간다,기술환경에너지,104,0.2574,6,2665927.44,4905881.77,정보통신기술(21); 기술연구개발(18); 도시개발 및 관리(13); 에너지정책 및 행정관리(13); 항공운송(11)
우간다,농림수산,86,0.2129,6,20678437.67,10881711.95,식량생산(15); 농촌개발(14); 어업 개발(12); 농업 개발(11); 농업정책 및 행정관리(11)
우간다,공공행정,82,0.203,6,9593952.35,3298645.43,공공정책 및 행정관리(32); 금융정책 및 행정관리(9); 통신정책 및 행정관리(9); 통상정책 및 행정관리(9); 공공재정관리(6)
우간다,교육,72,0.1782,6,34309841.98,6815244.89,"교육정책 및 행정관리(11); 직업훈련(기초,중등수준)(10); 비정규 농업훈련(9); 고급기술 및 관리자 교육(8); 중고등교육(5)"
우간다,보건의료,24,0.0594,6,10651554.25,2010867.51,보건정책 및 행정관리(13); 의료서비스(6); 기초보건진료(2); 생식보건(1); 보건인력개발(1)
우간다,기타,23,0.0569,6,3007405.68,3006793.68,비특정분야(12); 성평등 조직(기구) 및 제도(11)
우간다,긴급구호/취약성,13,0.0322,6,567806.16,561309.16,사회보호/보장(5); 여성폭력 근절(4); COVID-19(2); 재난 대비능력 강화(1); 재난위험경감(1)
우즈베키스탄,공공행정,131,0.3112,6,22113570.0,4654314.47,공공정책 및 행정관리(63); 공공재정관리(14); 금융정책 및 행정관리(9); 통신정책 및 행정관리(9); 통상정책 및 행정관리(8)
우즈베키스탄,교육,107,0.2542,6,42090769.4,29861593.51,"교육정책 및 행정관리(23); 직업훈련(기초,중등수준)(15); 취학전교육(12); 교육시설 및 특별연수(8); 전문대,대학(원) 교육(8)"
우즈베키스탄,기술환경에너지,100,0.2375,6,19526048.85,14362479.72,정보통신기술(27); 도시개발 및 관리(21); 에너지정책 및 행정관리(11); 수자원정책 및 행정관리(9); 중소기업 개발(7)
우즈베키스탄,농림수산,30,0.0713,6,8354615.01,590779.89,농업 개발(9); 농업정책 및 행정관리(8); 농촌개발(6); 식량생산(2); 임업 개발(2)
우즈베키스탄,보건의료,23,0.0546,6,15667964.31,1540702.76,의료서비스(13); 보건정책 및 행정관리(9); 기초보건진료(1)
우즈베키스탄,기타,20,0.0475,6,2776016.78,2777532.78,비특정분야(16); 성평등 조직(기구) 및 제도(3); 석탄화력발전소(1)
우즈베키스탄,긴급구호/취약성,10,0.0238,6,9788206.06,10430710.06,"여성폭력 근절(5); COVID-19(2); 인권 강화(1); 전염병 관리 및 예방(말라리아,결핵, 성병, 코로나19 제외)(1); 재난위험경감(1)"
우크라이나,기술환경에너지,10,0.4167,3,2098324.01,767711.44,정보통신기술(3); 철도운송(2); 식수개발 및 위생처리시설(플랜트 시설 등)에 포함되지 않는 기타(1); 도시개발 및 관리(1); 항공운송(1)
우크라이나,보건의료,5,0.2083,2,5052786.24,52786.31,의료서비스(2); 결핵 관리 및 예방(2); 보건정책 및 행정관리(1)
우크라이나,교육,3,0.125,2,100481.95,100467.08,"고급기술 및 관리자 교육(1); 중고등교육(1); 직업훈련(기초,중등수준)(1)"
우크라이나,긴급구호/취약성,3,0.125,2,1747967.0,612906.9,인권 강화(2); 긴급구호 조정 및 지원서비스(1)
우크라이나,공공행정,2,0.0833,2,117349.33,117344.0,공공정책 및 행정관리(2)
우크라이나,기타,1,0.0417,1,28720057.0,28720057.0,구호 물자지원 및 서비스(1)
이라크,공공행정,39,0.3095,6,1650777.41,5604177.41,공공정책 및 행정관리(24); 통신정책 및 행정관리(9); 분권화 및 지방정부 지원(2); 통계능력 강화(1); 입법 및 사법제도 개발(1)
이라크,기술환경에너지,30,0.2381,6,5513669.25,537038.25,에너지정책 및 행정관리(8); 전력송전/배전(중앙 그리드)(6); 도시개발 및 관리(4); 수자원정책 및 행정관리(4); 기술연구개발(4)
이라크,교육,22,0.1746,6,12749936.11,1545938.6,"직업훈련(기초,중등수준)(9); 교육정책 및 행정관리(3); 초등교육(2); 전문대,대학(원) 교육(2); 기타교육(2)"
이라크,보건의료,21,0.1667,6,29029830.0,23383852.4,의료서비스(14); 보건정책 및 행정관리(7)
이라크,농림수산,10,0.0794,3,95049.0,92299.0,농촌개발(4); 농업 개발(3); 식량생산(2); 농업협동조합(1)
이라크,긴급구호/취약성,3,0.0238,2,39073.0,39073.0,COVID-19(3)
이라크,기타,1,0.0079,1,116479.0,109952.0,병충해 구제(1)
이란,교육,7,0.4375,6,76522.0,734681.45,"직업훈련(기초,중등수준)(6); 교육정책 및 행정관리(1)"
이란,기술환경에너지,4,0.25,3,43046.0,41788.0,에너지정책 및 행정관리(3); 항공운송(1)
이란,공공행정,3,0.1875,2,318635.0,318635.0,공공정책 및 행정관리(2); 공공 조달(1)
이란,보건의료,2,0.125,2,1755629.0,1755629.0,보건정책 및 행정관리(1); 기초보건진료(1)
이집트,공공행정,78,0.3611,6,13426703.29,8355515.81,공공정책 및 행정관리(37); 운송정책 및 행정관리(8); 공공재정관리(8); 통상정책 및 행정관리(6); 분권화 및 지방정부 지원(6)
이집트,교육,51,0.2361,6,10597562.51,7402324.61,"교육정책 및 행정관리(14); 전문대,대학(원) 교육(11); 교육시설 및 특별연수(8); 고급기술 및 관리자 교육(5); 중고등교육(4)"
이집트,기술환경에너지,29,0.1343,6,1652587.27,1637339.27,환경정책 및 행정관리(7); 에너지정책 및 행정관리(5); 문화 및 레크리에이션(4); 정보통신기술(4); 환경연구(3)
이집트,기타,23,0.1065,6,2019735.51,2020278.06,비특정분야(12); 성평등 조직(기구) 및 제도(11)
이집트,농림수산,20,0.0926,3,237417.0,230787.0,농업 개발(7); 어업 개발(6); 농촌개발(4); 농업정책 및 행정관리(2); 수산물 유통지원(1)
이집트,보건의료,14,0.0648,6,644693.02,637090.02,보건정책 및 행정관리(13); 기초의료설비(1)
이집트,긴급구호/취약성,1,0.0046,1,0.0,1.48,여성폭력 근절(1)
인도,교육,7,0.4375,6,2206489.11,211467.11,"직업훈련(기초,중등수준)(5); 의료교육 및 훈련(1); 기타교육(1)"
인도,공공행정,5,0.3125,5,93121.07,93121.07,공공정책 및 행정관리(2); 통신정책 및 행정관리(2); 공업정책 및 행정관리(1)
인도,농림수산,2,0.125,2,25157.0,25157.0,농업정책 및 행정관리(2)
인도,보건의료,2,0.125,2,11498.0,11498.0,보건정책 및 행정관리(2)
인도네시아,공공행정,225,0.4004,6,22253376.6,12724794.75,공공정책 및 행정관리(103); 금융정책 및 행정관리(16); 통상정책 및 행정관리(15); 분권화 및 지방정부 지원(15); 공공재정관리(14)
인도네시아,기술환경에너지,106,0.1886,6,12581175.78,3266377.19,도시개발 및 관리(29); 정보통신기술(22); 수자원정책 및 행정관리(12); 에너지정책 및 행정관리(10); 환경정책 및 행정관리(7)
인도네시아,교육,74,0.1317,6,27518574.85,7472576.51,"교육정책 및 행정관리(19); 전문대,대학(원) 교육(17); 중고등교육(6); 성인 기초생활교육(6); 교육시설 및 특별연수(4)"
인도네시아,농림수산,63,0.1121,6,12021075.23,1982442.91,식량생산(13); 농업정책 및 행정관리(12); 어업 개발(11); 농업 개발(9); 농촌개발(5)
인도네시아,기타,39,0.0694,6,3113453.64,3066075.64,"성평등 조직(기구) 및 제도(16); 비특정분야(14); 다부문 원조(3); 섬유,피혁 및 대체소재(2); 해양광물(1)"
인도네시아,긴급구호/취약성,28,0.0498,6,22417801.18,16271378.22,여성폭력 근절(9); 재난위험경감(8); 재난 대비능력 강화(6); COVID-19(3); 사회보호/보장(2)
인도네시아,보건의료,27,0.048,6,271016.19,261911.19,보건정책 및 행정관리(21); 보건인력개발(3); 의료연구(2); 결핵 관리 및 예방(1)
자메이카,기술환경에너지,11,0.4783,6,116213.01,115006.01,도시개발 및 관리(4); 정보통신기술(3); 기술연구개발(3); 에너지정책 및 행정관리(1)
자메이카,공공행정,8,0.3478,4,505262.38,304125.56,치안제도 관리 및 개선(3); 공공정책 및 행정관리(2); 통신정책 및 행정관리(2); 통상정책 및 행정관리(1)
자메이카,긴급구호/취약성,2,0.087,2,2021149.0,2021149.0,COVID-19(2)
자메이카,교육,1,0.0435,1,524504.0,524504.0,교육시설 및 특별연수(1)
자메이카,농림수산,1,0.0435,1,0.02,0.02,어업 개발(1)
잠비아,농림수산,6,0.6,4,55334.0,54858.0,농업 개발(4); 농업정책 및 행정관리(2)
잠비아,공공행정,3,0.3,2,294631.01,294631.01,공공정책 및 행정관리(2); 공공 조달(1)
잠비아,교육,1,0.1,1,11249.0,11249.0,교사훈련(1)
적도기니,공공행정,4,0.4444,3,641245.7,641245.48,공공정책 및 행정관리(4)
적도기니,기술환경에너지,3,0.3333,3,37018.0,36542.0,항공운송(3)
적도기니,교육,2,0.2222,2,256839.0,256839.0,교육시설 및 특별연수(1); 청년 기초생활교육(1)
조지아,공공행정,8,0.5,5,472691.02,469442.02,공공재정관리(3); 공공정책 및 행정관리(2); 비즈니스 정책 및 행정관리(1); 입법 및 사법제도 개발(1); 거시경제 정책(1)
조지아,교육,7,0.4375,5,123627.0,124667.0,교육정책 및 행정관리(6); 교육시설 및 특별연수(1)
조지아,기술환경에너지,1,0.0625,1,61765.0,61765.0,정보통신기술(1)
중국,공공행정,1,0.5,1,9663.0,9663.0,공공정책 및 행정관리(1)
중국,농림수산,1,0.5,1,90262.0,85204.0,농업정책 및 행정관리(1)
중동 지역 (미배분),기타,6,0.8571,6,5038062.26,5038062.26,비특정분야(6)
중동 지역 (미배분),긴급구호/취약성,1,0.1429,1,100975.0,100975.0,COVID-19(1)
중앙아시아 지역 (미배분),기타,6,1.0,6,5038062.26,5038062.26,비특정분야(6)
중앙아프리카공화국,공공행정,3,0.4286,2,454930.25,454930.25,공공정책 및 행정관리(3)
중앙아프리카공화국,농림수산,2,0.2857,2,252286.0,252286.0,농업정책 및 행정관리(1); 임업정책 및 행정관리(1)
중앙아프리카공화국,기술환경에너지,1,0.1429,1,14585.0,14585.0,에너지정책 및 행정관리(1)
중앙아프리카공화국,교육,1,0.1429,1,404380.0,404380.0,초등교육(1)
지부티,공공행정,5,1.0,4,448906.29,448906.29,공공정책 및 행정관리(5)
짐바브웨,공공행정,35,0.3535,6,394934.03,399365.03,공공정책 및 행정관리(13); 공공재정관리(6); 금융정책 및 행정관리(6); 통신정책 및 행정관리(5); 통상정책 및 행정관리(3)
짐바브웨,기술환경에너지,25,0.2525,6,170448.11,161040.2,에너지정책 및 행정관리(8); 정보통신기술(8); 수자원정책 및 행정관리(3); 기술연구개발(3); 환경정책 및 행정관리(3)
짐바브웨,농림수산,22,0.2222,6,356930.03,349322.03,식량생산(9); 농업 개발(6); 농촌개발(3); 농수산물 가공업(3); 농업관련 기자재(1)
짐바브웨,교육,5,0.0505,4,339411.01,245167.01,에너지 교육/훈련(3); 교육정책 및 행정관리(2)
짐바브웨,보건의료,5,0.0505,3,39030.02,35781.02,보건정책 및 행정관리(5)
짐바브웨,긴급구호/취약성,4,0.0404,3,65020.03,58523.03,여성폭력 근절(4)
짐바브웨,기타,3,0.0303,3,39411.0,40927.0,성평등 조직(기구) 및 제도(3)
차드,기술환경에너지,2,0.4,2,14585.02,14585.02,에너지정책 및 행정관리(2)
차드,공공행정,2,0.4,1,262320.0,262320.0,공공정책 및 행정관리(2)
차드,교육,1,0.2,1,404380.0,404380.0,초등교육(1)
카메룬,공공행정,102,0.2906,6,16007381.54,11812405.18,공공정책 및 행정관리(53); 통신정책 및 행정관리(14); 금융정책 및 행정관리(9); 통상정책 및 행정관리(8); 거시경제 정책(4)
카메룬,기술환경에너지,74,0.2108,6,7986704.27,7739382.45,정보통신기술(18); 에너지정책 및 행정관리(11); 도시개발 및 관리(9); 기술연구개발(9); 기초식수공급 및 기초위생에 포함되지 않는 기타(6)
카메룬,농림수산,57,0.1624,6,929611.06,914837.06,농업 개발(14); 어업 개발(12); 농촌개발(12); 농업정책 및 행정관리(6); 식량생산(6)
카메룬,교육,51,0.1453,6,4436107.08,6735998.08,"교육정책 및 행정관리(18); 직업훈련(기초,중등수준)(6); 초등교육(5); 농업관련 교육/훈련(5); 취학전교육(4)"
카메룬,기타,31,0.0883,6,1944340.46,1940375.46,비특정분야(15); 성평등 조직(기구) 및 제도(12); 책임감 있는 비즈니스(3); 식품 안전과 품질(1)
카메룬,보건의료,24,0.0684,5,15024254.2,1069499.55,보건정책 및 행정관리(11); 의료서비스(7); 기초보건진료(5); 기초영양(1)
카메룬,긴급구호/취약성,12,0.0342,6,309413.15,302916.15,사회보호/보장(5); 여성폭력 근절(5); 재난 대비능력 강화(1); 재난위험경감(1)
카보베르데,공공행정,1,1.0,1,196967.0,196967.0,공공정책 및 행정관리(1)
카자흐스탄,공공행정,28,0.4179,6,396907.09,393827.09,금융정책 및 행정관리(8); 공공정책 및 행정관리(8); 공공재정관리(5); 통신정책 및 행정관리(3); 분권화 및 지방정부 지원(3)
카자흐스탄,기술환경에너지,14,0.209,6,153583.01,149070.01,도시개발 및 관리(6); 수자원정책 및 행정관리(3); 환경연구(2); 환경정책 및 행정관리(2); 에너지정책 및 행정관리(1)
카자흐스탄,교육,8,0.1194,5,274340.02,275856.02,"전문대,대학(원) 교육(4); 운송 및 창고부문 교육(3); 교육시설 및 특별연수(1)"
카자흐스탄,농림수산,6,0.0896,4,71922.01,70189.01,식량생산(6)
카자흐스탄,긴급구호/취약성,5,0.0746,3,46967.03,43718.03,여성폭력 근절(3); 재난위험경감(2)
카자흐스탄,기타,4,0.0597,3,56640.0,58156.0,성평등 조직(기구) 및 제도(3); 반부패기구 및 제도 지원(1)
카자흐스탄,보건의료,2,0.0299,2,188702.0,188702.0,의료서비스(2)
캄보디아,공공행정,140,0.2887,6,3778578.91,3736671.91,공공정책 및 행정관리(79); 금융정책 및 행정관리(12); 공공재정관리(12); 통상정책 및 행정관리(8); 분권화 및 지방정부 지원(5)
캄보디아,기술환경에너지,115,0.2371,6,35968397.14,26169012.08,도시개발 및 관리(21); 정보통신기술(13); 수자원정책 및 행정관리(10); 에너지정책 및 행정관리(10); 중소기업 개발(10)
캄보디아,교육,76,0.1567,6,28317167.93,11114718.36,"교육정책 및 행정관리(16); 전문대,대학(원) 교육(8); 초등교육(7); 성인 기초생활교육(7); 환경교육/훈련(5)"
캄보디아,농림수산,54,0.1113,6,10663923.04,1971613.67,식량생산(23); 농업 개발(13); 농촌개발(9); 농업정책 및 행정관리(4); 어업 개발(2)
캄보디아,보건의료,46,0.0948,6,29101873.44,21976155.46,의료서비스(23); 보건정책 및 행정관리(14); 기초보건진료(7); 생식보건(2)
캄보디아,기타,34,0.0701,6,3976401.82,5743678.35,비특정분야(12); 성평등 조직(기구) 및 제도(9); 중앙금융기관(3); 다부문 원조(3); 책임감 있는 비즈니스(3)
캄보디아,긴급구호/취약성,20,0.0412,6,11378310.14,4662882.14,"사회보호/보장(7); COVID-19(6); 전염병 관리 및 예방(말라리아,결핵, 성병, 코로나19 제외)(5); 인권 강화(2)"
케냐,공공행정,83,0.3547,6,2441414.44,2406195.44,공공정책 및 행정관리(34); 통상정책 및 행정관리(11); 공공재정관리(8); 분권화 및 지방정부 지원(7); 통신정책 및 행정관리(5)
케냐,기술환경에너지,53,0.2265,6,11432658.18,5589774.53,정보통신기술(15); 에너지정책 및 행정관리(8); 도시개발 및 관리(6); 식수개발(플랜트시설 등)(6); 기술연구개발(4)
케냐,교육,32,0.1368,6,12015937.31,8599550.36,"교육정책 및 행정관리(11); 직업훈련(기초,중등수준)(8); 고급기술 및 관리자 교육(3); 운송 및 창고부문 교육(3); 의료교육 및 훈련(2)"
케냐,농림수산,30,0.1282,6,597337.08,593419.08,농업 개발(9); 어업 개발(5); 농촌개발(5); 식량생산(5); 어업정책 및 행정관리(3)
케냐,보건의료,18,0.0769,6,6240567.03,1025608.91,보건정책 및 행정관리(12); 기초보건진료(4); 보건인력개발(2)
케냐,기타,12,0.0513,6,1055580.28,1055580.28,비특정분야(12)
케냐,긴급구호/취약성,6,0.0256,4,140962.06,140962.06,COVID-19(2); 인권 강화(2); 여성폭력 근절(1); 사회보호/보장(1)
코모로,교육,1,0.5,1,99172.0,99172.0,"전문대,대학(원) 교육(1)"
코모로,공공행정,1,0.5,1,0.0,0.0,공공정책 및 행정관리(1)
코스타리카,공공행정,20,0.3636,6,3651241.22,2861583.43,공공정책 및 행정관리(13); 금융정책 및 행정관리(3); 치안제도 관리 및 개선(2); 운송정책 및 행정관리(2)
코스타리카,기술환경에너지,16,0.2909,6,4896650.02,3935621.38,중소기업 개발(6); 정보통신기술(3); 문화 및 레크리에이션(2); 환경정책 및 행정관리(2); 폐기물 관리 및 처리(1)
코스타리카,교육,13,0.2364,4,987153.0,987153.0,"교육시설 및 특별연수(3); 전문대,대학(원) 교육(2); 직업훈련(기초,중등수준)(2); 중고등교육(2); 취학전교육(2)"
코스타리카,기타,4,0.0727,3,432018.04,432018.04,"비특정분야(2); 석유 및 가스(1); 섬유,피혁 및 대체소재(1)"
코스타리카,농림수산,1,0.0182,1,49058.0,49058.0,농업정책 및 행정관리(1)
코스타리카,보건의료,1,0.0182,1,581843.0,581843.0,기초의료설비(1)
코트디부아르,공공행정,31,0.2719,6,1525992.22,1519625.22,공공정책 및 행정관리(22); 통신정책 및 행정관리(6); 통상정책 및 행정관리(1); 운송정책 및 행정관리(1); 비즈니스 정책 및 행정관리(1)
코트디부아르,교육,30,0.2632,6,8723099.17,3025928.45,"교육정책 및 행정관리(8); 직업훈련(기초,중등수준)(5); 교육시설 및 특별연수(3); 전문대,대학(원) 교육(3); 초등교육(2)"
코트디부아르,기술환경에너지,22,0.193,6,17725814.04,12105270.64,식수개발(플랜트시설 등)(4); 환경정책 및 행정관리(4); 문화 및 레크리에이션(3); 정보통신기술(3); 항공운송(2)
코트디부아르,기타,13,0.114,6,2160383.52,2160383.48,비특정분야(12); 기초사회서비스에 대한 다부문 원조(1)
코트디부아르,보건의료,9,0.0789,4,309604.11,309210.11,보건정책 및 행정관리(5); 기초보건진료(2); 보건인력개발(1); 기초의료설비(1)
코트디부아르,긴급구호/취약성,6,0.0526,4,257497.0,257497.0,COVID-19(3); 재난위험경감(3)
코트디부아르,농림수산,3,0.0263,3,267588.35,268471.1,임업정책 및 행정관리(2); 농업 개발(1)
콜롬비아,공공행정,63,0.2877,6,7688411.88,2182721.88,공공정책 및 행정관리(32); 통신정책 및 행정관리(6); 공공재정관리(6); 금융정책 및 행정관리(5); 거시경제 정책(5)
콜롬비아,교육,47,0.2146,6,3483236.25,3487785.25,"교육정책 및 행정관리(9); 교육시설 및 특별연수(5); 전문대,대학(원) 교육(5); 중고등교육(5); 초등교육(5)"
콜롬비아,기술환경에너지,47,0.2146,6,6853718.54,4950698.02,도시개발 및 관리(12); 정보통신기술(8); 환경정책 및 행정관리(7); 수송기계 산업(4); 에너지정책 및 행정관리(3)
콜롬비아,기타,25,0.1142,6,9224058.41,6680701.83,비특정분야(12); 성평등 조직(기구) 및 제도(10); 석유 및 가스(1); 책임감 있는 비즈니스(1); 농지 개발(1)
콜롬비아,농림수산,16,0.0731,6,554717.02,555757.02,농업정책 및 행정관리(5); 농업 연구(3); 농업 개발(3); 축산(2); 임업정책 및 행정관리(1)
콜롬비아,긴급구호/취약성,11,0.0502,6,9422502.03,9422502.03,사회보호/보장(6); COVID-19(4); 여성폭력 근절(1)
콜롬비아,보건의료,10,0.0457,5,318030.14,318030.14,기초보건진료(4); 의료서비스(3); 보건정책 및 행정관리(3)
콩고공화국,공공행정,5,0.8333,3,519283.0,468120.05,공공정책 및 행정관리(5)
콩고공화국,기술환경에너지,1,0.1667,1,0.02,0.02,에너지정책 및 행정관리(1)
콩고민주공화국(DR콩고),공공행정,77,0.3484,6,2193567.18,2092573.27,공공정책 및 행정관리(41); 통신정책 및 행정관리(14); 공공재정관리(6); 금융정책 및 행정관리(4); 분권화 및 지방정부 지원(4)
콩고민주공화국(DR콩고),기술환경에너지,51,0.2308,6,2707530.25,5478185.25,기술연구개발(16); 에너지정책 및 행정관리(8); 정보통신기술(8); 환경연구(5); 환경정책 및 행정관리(4)
콩고민주공화국(DR콩고),보건의료,23,0.1041,6,10253666.0,4136909.63,보건정책 및 행정관리(18); 생식보건(5)
콩고민주공화국(DR콩고),농림수산,21,0.095,6,198553.03,196468.03,농업 개발(7); 농업정책 및 행정관리(6); 식량생산(5); 농촌개발(2); 어업 개발(1)
콩고민주공화국(DR콩고),교육,20,0.0905,6,236541.02,2929261.02,"교육정책 및 행정관리(8); 농업관련 교육/훈련(5); 직업훈련(기초,중등수준)(3); 에너지 교육/훈련(3); 초등교육(1)"
콩고민주공화국(DR콩고),기타,19,0.086,6,1113698.24,1109951.24,비특정분야(12); 성평등 조직(기구) 및 제도(4); 책임감 있는 비즈니스(3)
콩고민주공화국(DR콩고),긴급구호/취약성,10,0.0452,5,918467.0,919977.0,"COVID-19(3); 재난위험경감(3); 여성폭력 근절(2); 사회보호/보장(1); 전염병 관리 및 예방(말라리아,결핵, 성병, 코로나19 제외)(1)"
쿠바,보건의료,1,1.0,1,5181.0,5181.0,보건정책 및 행정관리(1)
키르기스스탄,공공행정,99,0.2946,6,20843094.56,8416705.66,공공정책 및 행정관리(55); 분권화 및 지방정부 지원(11); 금융정책 및 행정관리(7); 통신정책 및 행정관리(6); 통상정책 및 행정관리(5)
키르기스스탄,기술환경에너지,83,0.247,6,14318729.95,3606543.57,정보통신기술(24); 도시개발 및 관리(17); 에너지정책 및 행정관리(15); 환경정책 및 행정관리(9); 문화 및 레크리에이션(7)
키르기스스탄,교육,59,0.1756,6,3066666.67,3066190.67,"전문대,대학(원) 교육(11); 교육정책 및 행정관리(9); 고급기술 및 관리자 교육(7); 교육시설 및 특별연수(6); 비정규 농업훈련(5)"
키르기스스탄,농림수산,44,0.131,6,17838127.07,8104985.69,농촌개발(13); 농업정책 및 행정관리(11); 식량생산(6); 농업 개발(5); 축산(5)
키르기스스탄,기타,26,0.0774,6,2221103.41,2220273.41,비특정분야(12); 성평등 조직(기구) 및 제도(9); 다부문 원조(3); 해양광물(1); 전기 차 인프라(1)
키르기스스탄,긴급구호/취약성,17,0.0506,6,2155704.13,2145958.13,여성폭력 근절(5); 사회보호/보장(4); COVID-19(4); 재난위험경감(3); 인권 강화(1)
키르기스스탄,보건의료,8,0.0238,6,205377.05,204119.05,보건정책 및 행정관리(4); 기초보건진료(4)
키리바시,보건의료,2,0.2857,2,406020.0,406020.0,보건정책 및 행정관리(1); 기초의료설비(1)
키리바시,공공행정,2,0.2857,2,16675.16,16675.16,공공정책 및 행정관리(2)
키리바시,교육,2,0.2857,2,31902.0,31902.0,교사훈련(1); 어업 교육/훈련(1)
키리바시,기술환경에너지,1,0.1429,1,6497.0,6497.0,항공운송(1)
타지키스탄,기술환경에너지,26,0.3514,6,14321743.07,5794429.38,환경정책 및 행정관리(6); 전력송전/배전(중앙 그리드)(5); 수자원정책 및 행정관리(4); 에너지정책 및 행정관리(3); 도시개발 및 관리(3)
타지키스탄,공공행정,24,0.3243,6,334732.6,329247.1,공공정책 및 행정관리(15); 금융정책 및 행정관리(2); 운송정책 및 행정관리(2); 거시경제 정책(2); 통계능력 강화(1)
타지키스탄,기타,9,0.1216,5,208930.19,205681.19,비특정분야(6); 책임감 있는 비즈니스(3)
타지키스탄,농림수산,5,0.0676,4,34368.71,31010.01,식량생산(3); 농촌개발(1); 농업 개발(1)
타지키스탄,긴급구호/취약성,4,0.0541,4,399506.02,399506.02,재난위험경감(2); 인권 강화(1); COVID-19(1)
타지키스탄,교육,3,0.0405,2,267760.0,267760.0,교육시설 및 특별연수(1); 교육정책 및 행정관리(1); 의료교육 및 훈련(1)
타지키스탄,보건의료,3,0.0405,3,112782.02,112782.02,보건정책 및 행정관리(2); 의료연구(1)
탄자니아,공공행정,122,0.2531,6,2700807.39,2661758.39,공공정책 및 행정관리(43); 분권화 및 지방정부 지원(14); 통신정책 및 행정관리(14); 통상정책 및 행정관리(12); 금융정책 및 행정관리(11)
탄자니아,기술환경에너지,109,0.2261,6,7375157.77,3473372.32,정보통신기술(30); 에너지정책 및 행정관리(12); 환경정책 및 행정관리(9); 환경연구(8); 도시개발 및 관리(7)
탄자니아,교육,86,0.1784,6,32456000.52,26353994.35,"교육정책 및 행정관리(25); 중고등교육(11); 전문대,대학(원) 교육(9); 직업훈련(기초,중등수준)(5); 고급기술 및 관리자 교육(5)"
탄자니아,농림수산,72,0.1494,6,6791171.18,1316120.97,식량생산(15); 농업 개발(15); 어업 개발(14); 농업정책 및 행정관리(14); 농촌개발(11)
탄자니아,보건의료,45,0.0934,6,23538077.41,13268126.88,보건정책 및 행정관리(29); 의료서비스(8); 기초보건진료(5); 보건인력개발(3)
탄자니아,기타,34,0.0705,6,3929342.88,3925482.29,비특정분야(16); 성평등 조직(기구) 및 제도(13); 책임감 있는 비즈니스(3); 반부패기구 및 제도 지원(1); Lower secondary education(1)
탄자니아,긴급구호/취약성,14,0.029,6,553008.04,549759.04,사회보호/보장(6); 여성폭력 근절(4); COVID-19(2); 재난 대비능력 강화(1); 재난위험경감(1)
태국,교육,45,0.4327,6,8636289.9,8636289.9,"교육시설 및 특별연수(9); 전문대,대학(원) 교육(8); 교육정책 및 행정관리(6); 초등교육(5); 성인 기초생활교육(4)"
태국,공공행정,23,0.2212,6,789015.01,789015.01,공공정책 및 행정관리(14); 운송정책 및 행정관리(3); 통계능력 강화(3); 비즈니스 정책 및 행정관리(2); 거시경제 정책(1)
태국,기술환경에너지,17,0.1635,6,702787.21,702311.21,정보통신기술(5); 도시개발 및 관리(4); 연구/과학기관(3); 수자원정책 및 행정관리(2); 항공운송(1)
태국,기타,11,0.1058,6,2359995.45,2359995.45,비특정분야(7); 민간주도의 분쟁예방(2); 이민 이주 원활화(1); 경제작물/수출작물(1)
태국,보건의료,5,0.0481,3,30848.03,30848.03,보건정책 및 행정관리(3); 기초보건진료(1); 의료서비스(1)
태국,긴급구호/취약성,2,0.0192,2,12494.05,12494.05,사회보호/보장(2)
태국,농림수산,1,0.0096,1,84117.0,84117.0,수산물 유통지원(1)
토고,기술환경에너지,3,0.375,2,5900.51,5900.28,항공운송(1); 환경정책 및 행정관리(1); 정보통신기술(1)
토고,보건의료,2,0.25,2,575177.0,575177.0,보건정책 및 행정관리(1); 기초의료설비(1)
토고,공공행정,2,0.25,2,8390.0,8390.0,공공정책 및 행정관리(2)
토고,교육,1,0.125,1,11249.0,11249.0,교사훈련(1)
통가,기술환경에너지,6,0.5,5,1065211.02,716680.37,기초식수공급(3); 폐기물 관리 및 처리(1); 환경정책 및 행정관리(1); 기초식수공급 및 기초위생에 포함되지 않는 기타(1)
통가,공공행정,2,0.1667,2,99900.0,99900.1,공공정책 및 행정관리(2)
통가,교육,2,0.1667,1,0.11,0.11,교육시설 및 특별연수(1); 교육정책 및 행정관리(1)
통가,기타,1,0.0833,1,176193.0,176193.0,사후 재건(1)
통가,보건의료,1,0.0833,1,0.24,0.24,기초의료설비(1)
투르크메니스탄,기술환경에너지,9,0.3462,5,37295.06,36797.06,환경정책 및 행정관리(4); 기술연구개발(2); 에너지정책 및 행정관리(2); 도시개발 및 관리(1)
투르크메니스탄,교육,7,0.2692,3,159783.0,4219245.0,"교육정책 및 행정관리(3); 직업훈련(기초,중등수준)(3); 교육시설 및 특별연수(1)"
투르크메니스탄,공공행정,4,0.1538,3,18992.04,18888.04,공공정책 및 행정관리(2); 통상정책 및 행정관리(1); 민주적 참여와 시민사회(1)
투르크메니스탄,보건의료,3,0.1154,3,147144.01,147144.01,기초보건진료(1); 의료연구(1); 보건인력개발(1)
투르크메니스탄,긴급구호/취약성,2,0.0769,2,13680.02,13680.02,재난위험경감(2)
투르크메니스탄,농림수산,1,0.0385,1,1852.0,1748.0,농업 개발(1)
투발루,기술환경에너지,3,0.5,3,151916.2,151916.2,폐기물 관리 및 처리(1); 정보통신기술(1); 기초식수공급 및 기초위생에 포함되지 않는 기타(1)
투발루,공공행정,2,0.3333,1,0.36,0.36,공공정책 및 행정관리(2)
투발루,교육,1,0.1667,1,9404.0,9404.0,어업 교육/훈련(1)
튀니지,공공행정,59,0.4504,6,12967972.54,6317632.29,공공정책 및 행정관리(32); 공공재정관리(9); 비즈니스 정책 및 행정관리(6); 통상정책 및 행정관리(5); 공업정책 및 행정관리(3)
튀니지,기술환경에너지,23,0.1756,6,495536.15,1003316.15,"항공운송(4); 도시개발 및 관리(4); 수자원정책 및 행정관리(4); 정보통신기술(4); 전력생산, 재생가능 자원사용 - 복합 기술(3)"
튀니지,교육,21,0.1603,6,564961.25,564791.25,"전문대,대학(원) 교육(5); 중고등교육(5); 교육정책 및 행정관리(3); 운송 및 창고부문 교육(3); 성인 기초생활교육(3)"
튀니지,기타,14,0.1069,6,1365448.46,1365448.46,비특정분야(12); 반부패기구 및 제도 지원(1); 개도국 국내 재원조성(1)
튀니지,농림수산,6,0.0458,5,33577.05,69015.05,농업 개발(3); 수산물 유통지원(1); 임업 개발(1); 농업정책 및 행정관리(1)
튀니지,긴급구호/취약성,4,0.0305,3,52487.0,52487.0,사회보호/보장(2); COVID-19(2)
튀니지,보건의료,4,0.0305,3,70730.08,70730.08,기초보건진료(3); 의료서비스(1)
튀르키예,기술환경에너지,1,0.3333,1,4493.0,4493.0,항공운송(1)
튀르키예,긴급구호/취약성,1,0.3333,1,1833574.0,1833574.0,긴급구호(1)
튀르키예,교육,1,0.3333,1,200890.0,200890.0,교육시설 및 특별연수(1)
파나마,기술환경에너지,7,0.4118,2,56911.07,56911.07,환경정책 및 행정관리(3); 정보통신기술(1); 수로운송(1); 항공운송(1); 환경연구(1)
파나마,보건의료,3,0.1765,1,652143.0,652143.0,의료연구(1); 기초의료설비(1); 의료서비스(1)
파나마,기타,2,0.1176,2,12771.0,12377.0,성평등 조직(기구) 및 제도(2)
파나마,농림수산,2,0.1176,2,43499.02,43499.02,농업정책 및 행정관리(1); 어업 개발(1)
파나마,교육,2,0.1176,1,346625.0,346625.0,교육시설 및 특별연수(2)
파나마,공공행정,1,0.0588,1,144912.0,144912.0,입법 및 사법제도 개발(1)
파라과이,교육,58,0.25,6,5285294.41,5286675.41,"교육정책 및 행정관리(12); 직업훈련(기초,중등수준)(8); 초등교육(8); 취학전교육(4); 전문대,대학(원) 교육(4)"
파라과이,공공행정,52,0.2241,6,21615177.51,11250424.04,공공정책 및 행정관리(16); 운송정책 및 행정관리(11); 통신정책 및 행정관리(5); 관광정책 및 행정관리(4); 치안제도 관리 및 개선(4)
파라과이,기술환경에너지,45,0.194,6,18705693.52,12956135.96,정보통신기술(11); 문화 및 레크리에이션(6); 항공운송(6); 환경정책 및 행정관리(5); 엔지니어링(기계공업)(5)
파라과이,기타,30,0.1293,6,24122384.65,10292504.49,비특정분야(12); 개도국 국내 재원조성(5); Lower secondary education(4); 성평등 조직(기구) 및 제도(3); 책임감 있는 비즈니스(3)
파라과이,보건의료,18,0.0776,6,1197777.61,11288063.06,기초보건진료(8); 보건정책 및 행정관리(4); 의료서비스(3); 기초의료설비(2); 보건인력개발(1)
파라과이,농림수산,16,0.069,6,12298160.01,4753184.12,농업 개발(5); 축산(4); 임업정책 및 행정관리(2); 식량생산(2); 농업정책 및 행정관리(2)
파라과이,긴급구호/취약성,13,0.056,5,715429.0,6560903.0,사회보호/보장(8); 재난위험경감(3); COVID-19(2)
파키스탄,공공행정,67,0.3807,6,8240417.26,1653815.6,공공정책 및 행정관리(33); 통신정책 및 행정관리(6); 통상정책 및 행정관리(6); 금융정책 및 행정관리(4); 공공재정관리(4)
파키스탄,기술환경에너지,53,0.3011,6,18199242.17,13262518.82,도시개발 및 관리(9); 에너지정책 및 행정관리(8); 수자원정책 및 행정관리(8); 기술연구개발(6); 수자원보호(6)
파키스탄,기타,19,0.108,6,1623943.31,1325308.61,비특정분야(12); 책임감 있는 비즈니스(3); 구호 물자지원 및 서비스(2); 해양광물(1); 석유 및 가스(1)
파키스탄,농림수산,17,0.0966,6,536449.08,536209.08,농업정책 및 행정관리(7); 농촌개발(5); 농업 연구(2); 농업협동조합(1); 어업 개발(1)
파키스탄,보건의료,9,0.0511,5,7079238.0,2335878.21,기초영양(5); 보건정책 및 행정관리(4)
파키스탄,교육,8,0.0455,4,470215.1,470215.1,교육정책 및 행정관리(3); 에너지 교육/훈련(2); 교육연구(1); 식수공급 및 위생처리 부문교육(1); 고급기술 및 관리자 교육(1)
파키스탄,긴급구호/취약성,3,0.017,3,108510.86,108505.25,재난위험경감(2); 재난 대비능력 강화(1)
파푸아뉴기니,기술환경에너지,7,0.3684,5,155875.0,155295.0,환경연구(3); 정보통신기술(2); 항공운송(1); 도시개발 및 관리(1)
파푸아뉴기니,공공행정,5,0.2632,4,331080.02,330976.02,공공정책 및 행정관리(4); 분권화 및 지방정부 지원(1)
파푸아뉴기니,교육,5,0.2632,4,400623.14,368350.14,교육시설 및 특별연수(4); 어업 교육/훈련(1)
파푸아뉴기니,농림수산,1,0.0526,1,3704.0,3497.0,농촌개발(1)
파푸아뉴기니,보건의료,1,0.0526,1,0.01,0.01,보건정책 및 행정관리(1)
팔라우,공공행정,3,0.5,3,131055.14,131055.14,공공정책 및 행정관리(3)
팔라우,기술환경에너지,2,0.3333,2,197635.0,166405.0,정보통신기술(2)
팔라우,교육,1,0.1667,1,509719.0,509719.0,교육시설 및 특별연수(1)
페루,공공행정,83,0.332,6,17846161.85,5624071.85,공공정책 및 행정관리(48); 분권화 및 지방정부 지원(9); 통상정책 및 행정관리(6); 광물/광업정책 및 행정관리(5); 운송정책 및 행정관리(4)
페루,기술환경에너지,60,0.24,6,8443820.51,15123299.73,정보통신기술(21); 환경정책 및 행정관리(10); 문화 및 레크리에이션(8); 중앙그리드 태양광발전(5); 항공운송(4)
페루,교육,43,0.172,6,6069624.11,6071140.11,"교육정책 및 행정관리(9); 전문대,대학(원) 교육(5); 초등교육(5); 교사훈련(4); 취학전교육(4)"
페루,기타,19,0.076,6,2982351.71,2982237.71,비특정분야(15); 석유 및 가스(1); 성평등 조직(기구) 및 제도(1); 기초사회서비스에 대한 다부문 원조(1); 비감염성질환 일반(1)
페루,긴급구호/취약성,16,0.064,6,6565630.25,4246500.89,여성폭력 근절(7); 사회보호/보장(4); 재난위험경감(3); COVID-19(2)
페루,보건의료,16,0.064,6,7431680.24,2141021.45,보건정책 및 행정관리(8); 기초보건진료(3); 의료서비스(2); 기초의료설비(2); 보건인력개발(1)
페루,농림수산,13,0.052,5,362519.0,365551.0,어업 개발(4); 식량생산(3); 임업정책 및 행정관리(2); 농촌개발(2); 임업 개발(1)
피지,기술환경에너지,45,0.2571,6,1071595.23,5588161.04,"정보통신기술(10); 환경정책 및 행정관리(9); 전력생산, 재생가능 자원사용 - 복합 기술(7); 에너지정책 및 행정관리(6); 도시개발 및 관리(5)"
피지,교육,37,0.2114,6,11963723.79,2567121.43,교육정책 및 행정관리(9); 초등교육(7); 중고등교육(5); 의료교육 및 훈련(5); 보건교육(4)
피지,공공행정,28,0.16,6,1296606.4,1292859.4,공공정책 및 행정관리(20); 분권화 및 지방정부 지원(3); 통신정책 및 행정관리(2); 거시경제 정책(2); 통계능력 강화(1)
피지,농림수산,28,0.16,6,8376369.71,1549943.89,농촌개발(9); 농업 개발(7); 어업 개발(6); 어업정책 및 행정관리(3); 식량생산(1)
피지,보건의료,22,0.1257,6,12386570.55,4349300.49,의료서비스(12); 기초보건진료(5); 보건정책 및 행정관리(3); 보건인력개발(2)
피지,기타,13,0.0743,6,8838287.55,1838287.55,비특정분야(11); 반부패기구 및 제도 지원(1); Lower secondary education(1)
피지,긴급구호/취약성,2,0.0114,2,64662.01,64662.01,사회보호/보장(2)
필리핀,공공행정,147,0.2922,6,28891418.99,7932083.34,공공정책 및 행정관리(83); 통상정책 및 행정관리(12); 공공재정관리(8); 금융정책 및 행정관리(7); 통신정책 및 행정관리(7)
필리핀,농림수산,100,0.1988,6,36280320.38,19517580.34,농업 개발(26); 식량생산(21); 농촌개발(15); 어업 개발(11); 농업정책 및 행정관리(11)
필리핀,기술환경에너지,94,0.1869,6,33138040.57,9164083.59,도시개발 및 관리(24); 수자원정책 및 행정관리(21); 정보통신기술(17); 환경정책 및 행정관리(8); 엔지니어링(기계공업)(5)
필리핀,교육,80,0.159,6,20709034.03,10342728.86,"교육정책 및 행정관리(16); 전문대,대학(원) 교육(9); 초등교육(8); 취학전교육(7); 직업훈련(기초,중등수준)(6)"
필리핀,기타,38,0.0755,6,10921238.66,9261531.66,성평등 조직(기구) 및 제도(15); 비특정분야(11); 개도국 국내 재원조성(4); 다부문 원조(3); 책임감 있는 비즈니스(2)
필리핀,긴급구호/취약성,24,0.0477,6,4360037.06,4401804.06,여성폭력 근절(9); 사회보호/보장(5); 재난위험경감(5); COVID-19(5)
필리핀,보건의료,20,0.0398,6,1164424.02,1739195.3,보건정책 및 행정관리(6); 기초의료설비(6); 기초보건진료(4); 의료서비스(3); 의료연구(1)
