query_id,retrieval_mode,rank,country,sector,chunk_id,document_name,pdf_page,lexical_score,embedding_score,hybrid_score,evidence_class,source_text,retrieval_latency_ms
BASE-TZA-PA,lexical,1,탄자니아,공공행정,CPS-TZA-p08-01,TZA.pdf,8,91.0,,,Source Evidence,"(4) 수원 체계 □ 재무기획부는 수원총괄기관으로서 정부채무관리법(Government Loan, Guarantees and Grants Act)에 근거하여 정부차관 및 무상원조를 총괄 ㅇ 차관신청 결정은 동법령·국가부채관리방침(National Debt Strategy)에 따라 재무기획부의 기술적부채관리위원회(Technical Debts Management Committee)와 국가부채관리위원회(National Debts Management Committee)의 타당성 조사과정을 거쳐 재무기획부 장관이 승인 ㅇ 재무기획부(Ministry of Finance and Planning)는 그 외에도 정부 세입· 지출·투자 관리 및 경제·사회적 목표달성 지원을 위한 재정 자문기능 수행 □ 탄자니아 정부는 파트너 국가/기관과의 소통 및 협업 강화를 위해 원조관리 플랫폼 을 ‘08년부터 운영중 (Aid Management Platform, AMP) ㅇ 또한 탄자니아 정부와 파트너 국가/기관 간 중장기 개발프레임 워크인 공동지원전략* (Joint Assistance Strategy, JAST)을 수립하여 기관별 역할 및 책임 공고화 * 공여국/기관과의 파트너쉽 목표 및 Action Plan 등의 내용 포함",not measured in legacy baseline
BASE-TZA-PA,lexical,2,탄자니아,공공행정,nan,KOICA 사업정보,nan,85.0,,,Source Evidence,"탄자니아 공공행정 KOICA 사업 사례. 원문 사업명 Public Audit Management('19-'21). 사업기간 2019–2021, 관측 연도 2021, 원자료 레코드 1건. 세부분야 공공정책 및 행정관리, 사업유형 기타 기술협력. 개도국 내 공공감사관리 역량 강화를 통해 개도국의 부패지수 감소 및 투명성 향상 등으로 국제경쟁력 강화 중복 상태: 단일 원자료 레코드.",not measured in legacy baseline
BASE-TZA-PA,lexical,3,탄자니아,공공행정,nan,KOICA 사업정보,nan,85.0,,,Source Evidence,"탄자니아 공공행정 KOICA 사업 사례. 원문 사업명 Capacity building on development, operation and maintenance of agricultural infrastructure for food security. 사업기간 2019, 관측 연도 2019, 원자료 레코드 1건. 세부분야 공공정책 및 행정관리, 사업유형 기타 기술협력. 사업수혜자 역량강화를 통한 사업 지속가능성 제고를 위해 작물재배 및 농민조직 개발 등 농업생산성 향상 기술 및 적용에 대해 현장견학, 실습 위주의 과정 구성 중복 상태: 단일 원자료 레코드.",not measured in legacy baseline
BASE-TZA-PA,lexical,4,탄자니아,전체,nan,KODA_master_score_top50_v21.csv,nan,84.0,,,Model Output,"탄자니아 종합점수 67.4, 개발수요 77.3, 한국 기존 협력경험 40.4, 분야적합성 96.5, 정책정합성 72.5, 실행가능성 41.6, 후보유형 리스크 보완형: 개발수요는 높지만 제도·거버넌스 위험 검증 필요, 추천분야 공공행정, 기술환경에너지.",not measured in legacy baseline
BASE-TZA-PA,lexical,5,탄자니아,공공행정,CPS-TZA-p09-01,TZA.pdf,9,83.0,,,Source Evidence,"2 주요국 공여 활동 □ (지원 총액) ’10-‘19년 국제사회의 지원 총액은 약 270억 달러 < 탄자니아의 ODA 수원 추이 > (단위: 백만 달러) 연도 2010 2011 2012 2013 2014 2015 2016 2017 2018 2019 총 계 금액 2,902 2,333 2,709 3,454 2,560 2,787 2,542 2,826 2,640 2,282 27,035 주: 총지출액, 고정가격 기준 / 자료: OECD □ (지원 현황) ‘10-’19년 ODA 지원 비중은 DAC 회원국이 51.4%로 가장 크고, 다자기구 47.9%, non-DAC 회원국이 0.7%를 차지 < 對 탄자니아 ODA 공여 순위 > <양자 원조> <다자 원조> 금액 금액 순위 국가 비중 순위 기구 비중 (백만달러) (백만달러) 1 미국 5,935.8 42.0 1 World Bank 5,419.7 49.0 2 영국 2,235.8 15.8 2 Global Fund 1,694.1 15.3 3 일본 1,236.4 8.7 3 AfDB 1,639.3 14.8 4 스웨덴 941.1 6.7 4 EU 1,281.2 11.6 5 캐나다 858.7 6.1 5 GAVI 443.7 4.0 6 덴마크 725.1 5.1 6 UNICEF 197.3 1.8 7 독일 719.2 5.1 7 IMF 136.0 1.2 8 노르웨이 614.9 4.3 8 UNHCR 80.4 0.7 9 한국 523.4 3.7 9 IFAD 80.2 0.7 10 아일랜드 353.1 2.5 10 UNDP 78.6 0.7 양자 ODA 총액 14,143.5 100.0 다자 ODA 총액 11,050.5 100.0 주: ’10~‘19년 총지출 합계액 / 자료: OECD □ WB, 아프리카개발은행(AfDB), EU, 미국, 영국 등이 지원전략을 마련 ㅇ 인프라 구축(AfDB, EU, 日), 인적 역량강화(WB, EU, 美), 산업 발전 (WB, AfDB, EU, 日), 거버넌스 향상(WB, EU, 美, 日) 등에 집중 지원",not measured in legacy baseline
BASE-TZA-PA,lexical,6,탄자니아,공공행정,nan,KOICA 사업정보,nan,83.0,,,Source Evidence,"탄자니아 공공행정 KOICA 사업 사례. 원문 사업명 Master's Degree Program in Sustainable Regional Development(2023). 사업기간 2023–2024, 관측 연도 2023, 2024, 원자료 레코드 2건. 세부분야 공공정책 및 행정관리, 사업유형 개도국 유학생 및 연수생 지원. 참여 연수생의 도시 및 지역개발 정책 역량강화 및 학위 취득을 위한 석사학위 연수을 통해 연수생들 역량강화 및 파트너국 우수인재 양성 및 해당국가의 인적자원 강화 제고 지식확산 목적 달성 중복 상태: 동일 사업 가능성 · 연도별 반복 레코드 통합.",not measured in legacy baseline
BASE-TZA-PA,lexical,7,탄자니아,공공행정,nan,KOICA 사업정보,nan,83.0,,,Source Evidence,"탄자니아 공공행정 KOICA 사업 사례. 원문 사업명 Master's Degree Program in Urban Development(2023). 사업기간 2023–2024, 관측 연도 2023, 2024, 원자료 레코드 2건. 세부분야 공공정책 및 행정관리, 사업유형 개도국 유학생 및 연수생 지원. 참여 연수생의 도시 및 지역개발 정책 역량강화 및 학위 취득을 위한 석사학위 연수을 통해 연수생들 역량강화 및 파트너국 우수인재 양성 및 해당국가의 인적자원 강화 제고 지식확산 목적 달성 중복 상태: 동일 사업 가능성 · 연도별 반복 레코드 통합.",not measured in legacy baseline
BASE-TZA-PA,lexical,8,탄자니아,공공행정,nan,KOICA 사업정보,nan,83.0,,,Source Evidence,"탄자니아 공공행정 KOICA 사업 사례. 원문 사업명 Capacity Building on Management of Digital Records for the Public('23-'25). 사업기간 2023–2025, 관측 연도 2023, 2024, 원자료 레코드 2건. 세부분야 공공정책 및 행정관리, 사업유형 기타 기술협력. 디지털기록관리 제도 등 연수 대상국 현안 과제 해결에 기여, 기록관리 교육을 통한 연수 대상국 디지털기록 보존 관리 강화 및 국제 교류협력 증진을 위한 디지털기록관리 체계, 실무 시스템의 이해를 통한 인적 역량강화 중복 상태: 동일 사업 가능성 · 연도별 반복 레코드 통합.",not measured in legacy baseline
BASE-TZA-PA,lexical,9,탄자니아,공공행정,nan,KOICA 사업정보,nan,83.0,,,Source Evidence,"탄자니아 공공행정 KOICA 사업 사례. 원문 사업명 Master's Degree Program in Finance and Tax Policy(2021). 사업기간 2019–2023, 관측 연도 2019, 2020, 2021, 2022, 2023, 원자료 레코드 6건. 세부분야 공공정책 및 행정관리, 사업유형 개도국 유학생 및 연수생 지원. 재정 및 조세정책 역량강화 석사학위사업을 통해 참여 개발도상국(콜롬비아, 부룬디, 몽골, 인도네시아, 방글라데시, 가나, 르완다 등) 조세행정 선진화를 통한 경제 활성화 실현에 기여 중복 상태: 동일 사업 가능성 · 연도별 반복 레코드 통합.",not measured in legacy baseline
BASE-TZA-PA,lexical,10,탄자니아,공공행정,CPS-TZA-p26-01,TZA.pdf,26,77.0,,,Source Evidence,"3 우리나라와의 관계 1992. 4. 30 수교 외교관계 수립 (북한과는 1965. 1. 4. 수교) 경제·과학·기술협력 협정(‘05), 대외경제협력기금차관협정('05), 문화협정 주요 협정 체결 (‘06), 무상원조협정('14), 외교관·관용·공무사증면제협정(’18) □ 무역현황 (천 달러) ㅇ 주요 수출 품목 : 농약 및 의약품, 기타 석유화학제품, 기타섬유제품 ㅇ 주요 수입 품목 : 기호식품, 동제품, 곡식류, 면제품 구 분 2017 2018 2019 2020 2021 수 출 124,819 193,690 138,020 151,237 200,122 수 입 40,382 33,160 36,708 47,170 25,876 교역액 165,201 226,850 174,728 198,407 225,998 자료 : 무역협회, 한국무역통계 □ 양국 간 투자현황 (투자금액 기준, 천 달러) 구 분 2019 2020 2021 누계(~2022.6) 한국 → 탄자니아 4 1 2 36 (신규법인수) 투자금액(천달러) 123 318 401 11,120 자료 : 한국수출입은행 2023 세계국가편람",not measured in legacy baseline
BASE-TZA-PA,lexical,11,탄자니아,공공행정,nan,KODA_country_sector_summary_2019_2024.csv,nan,67.0,,,Derived Evidence,"2019~2024 공공행정 KOICA 사업 레코드 122건, 레코드 비중 25.3%, 활성연도 6, 주요 세부분야 공공정책 및 행정관리(43); 분권화 및 지방정부 지원(14); 통신정책 및 행정관리(14); 통상정책 및 행정관리(12); 금융정책 및 행정관리(11).",not measured in legacy baseline
BASE-TZA-PA,lexical,12,탄자니아,국가 실행환경,nan,KODA_policy_risk_scores_top50_v21.csv,nan,53.0,,,Derived Evidence,"탄자니아 정책정합성 72.5, 실행가능성 41.6, CPS 대상국 Y, KOICA 사무소 Y, 취약국가지수 78.1, 부패인식점수 37.0, 전자정부지수 0.421, 인간개발지수 0.529, 기업여건 141.0.",not measured in legacy baseline
BASE-TZA-PA,lexical,13,탄자니아,국가 개발여건,nan,World Development Indicators,nan,35.0,,,Supplementary Source,"탄자니아 소득수준 지표 GDP per capita, 최신연도 2025, 최신값 $1,319, 2019~2025 커버리지 7, 해석 방향: 값이 낮을수록 개선 필요 가능성이 큼.",not measured in legacy baseline
BASE-TZA-PA,lexical,14,탄자니아,국가 개발여건,nan,World Development Indicators,nan,35.0,,,Supplementary Source,"탄자니아 보건·생활여건 지표 Life expectancy, 최신연도 2024, 최신값 67.2 years, 2019~2025 커버리지 6, 해석 방향: 값이 낮을수록 개선 필요 가능성이 큼.",not measured in legacy baseline
BASE-TZA-PA,lexical,15,탄자니아,국가 개발여건,nan,World Development Indicators,nan,35.0,,,Supplementary Source,"탄자니아 교육 지표 Secondary enrollment, 최신연도 2021, 최신값 28.2%, 2019~2025 커버리지 3, 해석 방향: 값이 낮을수록 개선 필요 가능성이 큼.",not measured in legacy baseline
BASE-TZA-PA,lexical,16,탄자니아,국가 개발여건,nan,World Development Indicators,nan,35.0,,,Supplementary Source,"탄자니아 전력접근 지표 Access to electricity, 최신연도 2023, 최신값 48.3%, 2019~2025 커버리지 5, 해석 방향: 값이 낮을수록 개선 필요 가능성이 큼.",not measured in legacy baseline
BASE-RWA-TECH,lexical,1,르완다,기술환경에너지,CPS-RWA-p07-01,RWA.pdf,7,103.0,,,Source Evidence,"□ 對 르완다 ODA SWOT 분석(지원시 고려사항) S W 강점 약점 ㆍ∙ 우리정부의 ODA 비교우위 분야 ㆍ∙ 국가 예산 요구 및 심의 절차 준수에 (ICT, 전자정부 등) 및 전략(디지털, 따른 경직된 사업 기획 및 발굴 절차 그린 ODA)과 수원국의 국가발전 ㆍ∙ ODA 사업수행기관 간 분절화 전략이 일치 내부역량 ㆍ∙ 타 대규모 공여기관 대비 사업예산 ㆍ∙ 농업/교육/ICT 중점협력 분야에 및 인력 규모 한계 대한 일관성 있는 개발협력 추진 ㆍ∙ 적정 사업수행 역량을 보유한 국내 ㆍ∙ 중점협력 분야별 축적된 사업 추진 사업수행기관 및 전문가 참여 애로 경험 및 역량 ㆍ∙ 통합적, 혁신적 사업 형성 및 추진 외부환경 ㆍ∙ 우리정부 ODA에 대한 수원국 정부의 경험 부족 높은 만족도 및 평가 ㆍ∙ 안정적인 경제 성장률 및 부패에 SO 전략 (중점추진) WO 전략 대한 무관용 원칙 등 투명한 거버넌스를 기반으로 한 해외 ㆍ∙ 농업/교육/ICT 등 기존 중점 전략 ㆍ∙ 상대적으로 소규모인 예산, 인력 대비 투자에 대한 높은 개방성 분야 성과 분석을 기반으로 통합적, 레버리지 효과 극대화를 위해 제도 혁신적 성과확산을 위한 프로그램 개선, 시범 사업, 역량 강화 등 소프트 ㆍ∙ 체계적인 개발협력 프레임워크 개선 웨어 중심 사업 발굴 ㆍ∙ 풍부한 경제활동인구 기 ㆍ∙ 높은 인터넷/스마트폰 보급률 회 ㆍ∙ 개발재원 수용성 확대 기반 마련을 ㆍ∙ 업무처리 정보화, 대국민서비스 정보화 ㆍ∙ 혁신에 대한 높은 수용력 위한 인적역량, 특히 청년 취·창업 등 전자정부 분야 프로그램 발굴 ㆍ∙ 타 아프리카 지역으로 높은 및 ICT 분야 지원 강화 성과 파급력 ㆍ∙ 수원국 정부조달 등 수원국 시스템 ㆍ∙ 혁신적 사업수행 및 과학적 성과 활용 확대 관리 강화를 통한 동아프리카 지역 혁신 센터 (Center of Excellence) ㆍ∙ 혁신적 사업 노하우를 보유한 개발 국가화 및 성공 모델 역내 공유 강화 파트너와의 협업 강화 O ㆍ∙ 소규모 내륙국 및 낮은 산업 ㆍ∙ 농업/교육/ICT 등 기존 중점분야 ㆍ∙ 수원국 정부 및 타 개발파트너와의 경쟁력으로 인한 만성적인 세부 추진 전략 개선시 산업경쟁력 파트너십 강화 경상수지 및 재정수지 적자 강화, 수",not measured in legacy baseline
BASE-RWA-TECH,lexical,2,르완다,기술환경에너지,CPS-RWA-p27-01,RWA.pdf,27,103.0,,,Source Evidence,"- 전자정부 행정 서비스에 대한 대중의 이해 및 수용성 제고를 위해 디지털 문해율 향상 및 ICT 활용역량 강화가 병행될 필요 ※ 르완다 정부는 일반 국민들의 ICT 활용역량 강화 및 디지털 문해율 향상을 위해 공여기관들과 함께 디지털 대사 프로그램을 ‘17년부터 추진 중(’19년 기준 총 23,377명이 수혜를 받음) □ 한국의 원조역량 ㅇ 한국의 ICT 분야는 전 세계 최고수준으로 발전해 왔으며, 4차 산업혁명을 이끌 핵심 산업(반도체, 스마트폰 등) 세계 시장에서 두각을 나타내는 중 - ’21년 블룸버그 혁신지수 90.49점을 기록해 세계 1위(’14~’19년 6년 연속 1위) ㅇ 한국 정부는 디지털 뉴딜을 통해 ’25년까지 총 58.2조원을 투자 하여 경제‧사회 전반의 디지털 대전환을 가속화 - ▴데이터‧네트워크‧인공지능 생태계 강화, ▴비대면 산업 육성 및 ▴교육‧SOC 디지털화를 통해 선도국가로 도약하기 위한 노력 중 ㅇ 디지털 뉴딜 ODA를 통해 수원국의 디지털 전환을 통한 SDGs 달성 촉진을 지원중 - 우리 정부는 무상개발협력전략회의(‘21)를 통해 ‘과학기술·ICT ODA 활성화 전략’을 의결하고, 르완다를 동 전략의 시범 이행국가로 선정 ※ ▴효과적 과학기술‧ICT ODA 추진체계 구축, ▴지속가능발전 지원을 통한 공동성장 견인 및 ▴국제사회에서의 과학기술‧ICT ODA 의제 선도 등 3대 전략을 추진 중 - 특히, ▴디지털 공공서비스 강화, ▴주요 분야 ICT 융합 확대, ▴경제사회 인프라의 디지털화 지원, ▴취약계층의 디지털 접근성 강화지원 등을 통해 르완다의 지속가능발전을 지원 중 - KOICA는 디지털 ODA 사업 추진전략(’21-’25)을 수립하여 ▴디지털 주류화 확대, ▴디지털 핵심사업 추진 및 ▴생태계 조성 및 추진기반 구축의 3대 방향을 설정 및 이행 중이며, 르완다를 중점추진국가로 선정",not measured in legacy baseline
BASE-RWA-TECH,lexical,3,르완다,기술환경에너지,CPS-RWA-p26-01,RWA.pdf,26,101.0,,,Source Evidence,"- 또한, 르완다 거버넌스위원회가 ’20년 발간한 르완다 거버넌스 스코어카드(Rwanda Governance Scorecard/RGS)는 ICT를 통한 서비스 전달을 주요 성과지표로 설정하는 등 ICT 서비스도입수요가지속 증가할것으로예상 - 특히, 국가 디지털 인재 정책(National Digital Talent Policy, ’16)을 수립 - 이를 고려할 때, ① 정부 공공 서비스 디지털화 및 전자정부 확대, ② ICT 분야 인적역량 강화에 초점을 맞춘 지원 필요 ㅇ (정부 공공 서비스 디지털화 및 전자정부 확대) 르완다 정부는 ICT를 활용하여 공공 분야의 개방성‧투명성‧책임성을 개선하는 한편, 행정 서비스의 효율성과 품질을 향상시키고자 노력 중 - 모든 정부 서비스를 온라인으로 제공(IREMBO, EBM 등)하고, 공공 분야 혁신 및 효율성 제고 기반 구축을 위해 노력 중 ※ KOICA는 르완다 전자영수증 발급시스템 고도화 및 통합조세포털 구축 사업(‘18-’22/610만불) 으로 전자 세정 도입을 통한 조세 행정의 효율성, 투명성, 책임성 등 제고 지원 중 - 스마트 시티 구축을 위한 토지관리 시스템, 출입국 관리 효율화를 위한 출입국 시스템, 국민 신상정보(Legacy Data) 전산화, 정부 전자시스템 통합화 등 다양한 수요 발굴 가능 ㅇ (ICT 분야 인적역량 강화) 르완다 정부는 ICT 분야 산업 발전에 기여 가능한 인재 양성과 일반 국민의 ICT 문해율 증진 등을 위해 노력 중 - 국가 디지털 인재 정책(’16)에 따르면, ICT 역량을 갖춘 인재양성과 르완다 사회 모든 수준에서의 디지털 문해력 향상이 지식기반 경제체제로의 전환에 필수적 요소로 분석 ※ ICT 인력 양성 교육기관으로 Nyabihu 직업기술훈련학교 및 르완다 코딩 아카데미를 운영 중이며, 동 아카데미를 향후 총 5개교로 확장시켜 소프트웨어 기술자를 양성할 계획 - 그러나, ’20년 기준 디지털 문해율은 20.4%에 그치고 있어 디지털 문해율 증진이 향후 ICT 성장 촉진을 위한 중요 과제로 대두",not measured in legacy baseline
BASE-RWA-TECH,lexical,4,르완다,기술환경에너지,CPS-RWA-p37-01,RWA.pdf,37,99.0,,,Source Evidence,"Ⅳ. 이행전략 □ 타 공여기관과의 원조조화 ㅇ (타 공여기관과 협력체계 강화) ▴주재국-공여국 협의 제도 (DPR, DPCG 및 SWG) 및 ▴공여국 간 협의제도 참여를 통해 타 공여기관과 파트너십을 강화하여 원조의 협업 및 연계 도모 ㅇ (개발협력 프로그램 참여) 우리 정부의 정책목표 및 국가협력전략에 부합하는 르완다 정부의 개발협력 프로그램에 참여하여, 타 공여 기관과 시너지 창출 □ 우리 정부의 대외정책과의 정합성 제고 ㅇ (디지털뉴딜) 우리 정부의 디지털 ODA 사업 추진전략을 르완다 현지 실정에 부합하도록 추진하여, 르완다가 ICT 기반의 지식경제로 전환될 수 있도록 지원 - ▴디지털 공공서비스 강화, ▴ 주요 분야에 ICT 융합 확대, ▴경제· 사회 인프라의 디지털화 지원, ▴취약계층의 디지털 접근성 강화 지원 등을 통해 르완다의 지속가능발전(SDGs)에 기여 ㅇ (그린뉴딜) 우리 정부의 그린뉴딜 ODA 추진전략에 따라 르완다의 지속가능한 발전을 위해 친환경적 요소를 포함하는 ODA 확대 - ▴온실가스 저감, ▴기후적응력 향상, ▴교차(기후변화 완화 및 적응) 분야 사업 발굴 및 추진 ㅇ (기업 해외진출 및 일자리 창출) ODA 사업을 통해 우리 기업의 해외시장 진출 지원 및 청년들을 위한 양질의 일자리 창출 - 국익에 부합한 ODA 추진을 통해 우리 정부의 기업 지원 및 일자리 창출 정책을 지원",not measured in legacy baseline
BASE-RWA-TECH,lexical,5,르완다,기술환경에너지,nan,KOICA 사업정보,nan,85.0,,,Source Evidence,"르완다 기술환경에너지 KOICA 사업 사례. 원문 사업명 Strengthening the National Quality Infrastructure (NQI) for improving the competitiveness of Rwanda Industry through integrated technical assistance in standardization activities. 사업기간 2024, 관측 연도 2024, 원자료 레코드 1건. 세부분야 기술연구개발, 사업유형 프로젝트 원조. 1.1 RSB의 산업 표준화 관리 역량강화, 1.2. RSB의 산업 표준화 관리 ICT 시스템 강화, 1.3. RSB의 산업 표준관리 인프라 및 기자재 구축, 2.1. 중소기업(SME)의 산업 표준화 적용 활성화, 사업관리 및 성과관리 중복 상태: 단일 원자료 레코드.",not measured in legacy baseline
BASE-RWA-TECH,lexical,6,르완다,기술환경에너지,nan,KOICA 사업정보,nan,85.0,,,Source Evidence,"르완다 기술환경에너지 KOICA 사업 사례. 원문 사업명 KOICA Volunteers in Rwanda for Information and communication technology (ICT). 사업기간 2019–2024, 관측 연도 2019, 2020, 2023, 2024, 원자료 레코드 4건. 세부분야 정보통신기술, 사업유형 전문가 및 봉사단 파견. KOICA 일반봉사단은 협력국의 경제사회발전을 풀뿌리 계층 대상 봉사활동을 통해 지원하며, 협력국의 수요에 기반한 공공행정, 교육, 농림수산, 보건, 기술환경에너지 등 49개 전문직종의 단원이 개인별 및 프로젝트 기반 팀별 봉사활동을 진행합니다. 중복 상태: 동일 사업 가능성 · 연도별 반복 레코드 통합.",not measured in legacy baseline
BASE-RWA-TECH,lexical,7,르완다,기술환경에너지,nan,KOICA 사업정보,nan,83.0,,,Source Evidence,"르완다 기술환경에너지 KOICA 사업 사례. 원문 사업명 KOICA Volunteers in Rwanda for Culture and recreation. 사업기간 2019–2024, 관측 연도 2019, 2020, 2023, 2024, 원자료 레코드 4건. 세부분야 문화 및 레크리에이션, 사업유형 전문가 및 봉사단 파견. KOICA 일반봉사단은 협력국의 경제사회발전을 풀뿌리 계층 대상 봉사활동을 통해 지원하며, 협력국의 수요에 기반한 공공행정, 교육, 농림수산, 보건, 기술환경에너지 등 49개 전문직종의 단원이 개인별 및 프로젝트 기반 팀별 봉사활동을 진행합니다. 중복 상태: 동일 사업 가능성 · 연도별 반복 레코드 통합.",not measured in legacy baseline
BASE-RWA-TECH,lexical,8,르완다,기술환경에너지,nan,KOICA 사업정보,nan,83.0,,,Source Evidence,"르완다 기술환경에너지 KOICA 사업 사례. 원문 사업명 Master's Degree Program in Capacity Building for Response to Climate Change(2024). 사업기간 2024, 관측 연도 2024, 원자료 레코드 1건. 세부분야 환경정책 및 행정관리, 사업유형 개도국 유학생 및 연수생 지원. 기후변화대응 분야에 관한 전문적 지식과 경험을 개발도상국 공무원에게 전수하여 핵심인재를 양성하며, 대상협력국의 탄소중립 목표달성과 경제사회벌전에 기여할수 있는 사업으로 구성되어있음. 이중 주요한 과목으로는 기후변화와 관련 기초이론을 통합적인 관점에서 학습하고 분석할 수 있는 기후변화학 개론, 탄소금융, 공공자원 및 민간 기후협력에 대한 시장 메커니즘 이해를 목적으로 하는 개도국 및 선진국의 기후변화 대응협업 과목 등이 있다. 중복 상태: 단일 원자료 레코드.",not measured in legacy baseline
BASE-RWA-TECH,lexical,9,르완다,기술환경에너지,nan,KOICA 사업정보,nan,83.0,,,Source Evidence,"르완다 기술환경에너지 KOICA 사업 사례. 원문 사업명 Doctoral Degree Program in Smart-City Management and Technology(2024). 사업기간 2024, 관측 연도 2024, 원자료 레코드 1건. 세부분야 정보통신기술, 사업유형 개도국 유학생 및 연수생 지원. 개발도상국 도시문제 해결 및 경제 발전을 위해 스마트시티 혁신 분야에 적합한 공공정책 핵심 지도자 양성을 목적으로 함. 개발도상국 스마트시티 인프라 구축 및 개선 요구에 부응하는 인재 양성을 위한 스마트건설 및 유지관리, 스마트시티 교통계획 및 수요예측, 스마트시티 에너지시스템, 스마트시티와 환경공학, 스마트시티 수자원관리, 스마트시티 헬스케어 및 커뮤니케이션, 스마트시티와 인공지능 분석, 스마트시티 디지털 설계 등 융복합 교과과정을 구성 중복 상태: 단일 원자료 레코드.",not measured in legacy baseline
BASE-RWA-TECH,lexical,10,르완다,전체,nan,KODA_master_score_top50_v21.csv,nan,82.0,,,Model Output,"르완다 종합점수 65.3, 개발수요 68.1, 한국 기존 협력경험 31.7, 분야적합성 95.4, 정책정합성 72.9, 실행가능성 57.4, 후보유형 우선검토형: 개발수요와 정책정합성을 바탕으로 사업개념 구체화 권장, 추천분야 공공행정, 기술환경에너지.",not measured in legacy baseline
BASE-RWA-TECH,lexical,11,르완다,기술환경에너지,nan,KODA_country_sector_summary_2019_2024.csv,nan,69.0,,,Derived Evidence,"2019~2024 기술환경에너지 KOICA 사업 레코드 78건, 레코드 비중 21.1%, 활성연도 6, 주요 세부분야 정보통신기술(29); 도시개발 및 관리(13); 기술연구개발(8); 에너지정책 및 행정관리(7); 수자원정책 및 행정관리(6).",not measured in legacy baseline
BASE-RWA-TECH,lexical,12,르완다,국가 실행환경,nan,KODA_policy_risk_scores_top50_v21.csv,nan,53.0,,,Derived Evidence,"르완다 정책정합성 72.9, 실행가능성 57.4, CPS 대상국 Y, KOICA 사무소 Y, 취약국가지수 86.0, 부패인식점수 53.0, 전자정부지수 0.479, 인간개발지수 0.543, 기업여건 38.0.",not measured in legacy baseline
BASE-RWA-TECH,lexical,13,르완다,국가 개발여건,nan,World Development Indicators,nan,29.0,,,Supplementary Source,"르완다 소득수준 지표 GDP per capita, 최신연도 2025, 최신값 $1,124, 2019~2025 커버리지 7, 해석 방향: 값이 낮을수록 개선 필요 가능성이 큼.",not measured in legacy baseline
BASE-RWA-TECH,lexical,14,르완다,국가 개발여건,nan,World Development Indicators,nan,29.0,,,Supplementary Source,"르완다 보건·생활여건 지표 Life expectancy, 최신연도 2024, 최신값 68.0 years, 2019~2025 커버리지 6, 해석 방향: 값이 낮을수록 개선 필요 가능성이 큼.",not measured in legacy baseline
BASE-RWA-TECH,lexical,15,르완다,국가 개발여건,nan,World Development Indicators,nan,29.0,,,Supplementary Source,"르완다 교육 지표 Secondary enrollment, 최신연도 2024, 최신값 48.8%, 2019~2025 커버리지 5, 해석 방향: 값이 낮을수록 개선 필요 가능성이 큼.",not measured in legacy baseline
BASE-RWA-TECH,lexical,16,르완다,국가 개발여건,nan,World Development Indicators,nan,29.0,,,Supplementary Source,"르완다 전력접근 지표 Access to electricity, 최신연도 2023, 최신값 63.9%, 2019~2025 커버리지 5, 해석 방향: 값이 낮을수록 개선 필요 가능성이 큼.",not measured in legacy baseline
BASE-VNM-PA,lexical,1,베트남,전체,nan,KODA_master_score_top50_v21.csv,nan,86.0,,,Model Output,"베트남 종합점수 60.6, 개발수요 28.8, 한국 기존 협력경험 56.1, 분야적합성 96.6, 정책정합성 97.9, 실행가능성 67.0, 후보유형 협력기반 확장형: 기존 한국 협력경험을 활용한 후속사업 검토, 추천분야 공공행정, 기술환경에너지.",not measured in legacy baseline
BASE-VNM-PA,lexical,2,베트남,공공행정,CPS-VNM-p25-01,VNM.pdf,25,85.0,,,Source Evidence,□ 대표 사업 ㅇ 사업 1 : 베트남 인민법원 재판절차의 투명성 강화 및 재판품질 향상 지원사업 KOICA 추진 기관 총 사업비 132억원 (수원국측) 최고인민법원 · 사법정보화를 통한 재판절 사업 유형 무상 ODA 사업 목표 차의 투명성 강화 · 인민법원 재판품질의 향상 추진 일정 예비조사 : `17년 / RD 체결 : ‘18년 / 집행 : ‘19-23년 ㅇ 법관 및 IT 역량 강화 사업 내용 ㅇ 통합사건관리시스템 구축 (협업체계 포함) ㅇ 법관업무 매뉴얼 발간 지원 예상 ㅇ 최고인민법원판례수증가 성과지표 ㅇ 전자적 자동 배당 실시 비율 ㅇ 사업 2 : 베트남 국가계획 집행 모니터링·평가(M&E) 개선 컨설팅 및 IT시스템 구축사업 KOICA 추진 기관 총 사업비 34억원 (수원국측) 기획투자부 · 국가계획 관리역량 강화 및 사업 유형 무상 ODA 사업 목표 책무성 강화 추진 일정 예비조사 : `21년 / RD 체결 : ‘22년(예정) / 집행 : ‘22-25년 ㅇ 국가계획 모니터링 및 평가(M&E) 제도 개선 컨설팅 사업 내용 ㅇ 국가계획 모니터링 및 평가(M&E) IT 시스템 구축 (협업체계 포함) ㅇ 국가계획 모니터링 및 평가(M&E) IT시스템 운용 역량강화 예상 ㅇ 개선 평가제도 계획 환류율 성과지표 ㅇ M&E IT시스템 이용자 수 (활용도),not measured in legacy baseline
BASE-VNM-PA,lexical,3,베트남,공공행정,nan,KOICA 사업정보,nan,85.0,,,Source Evidence,"베트남 공공행정 KOICA 사업 사례. 원문 사업명 KOICA Volunteers in Vietnam for Public sector policy and administrative management. 사업기간 2019–2024, 관측 연도 2019, 2020, 2021, 2022, 2024, 원자료 레코드 5건. 세부분야 공공정책 및 행정관리, 사업유형 전문가 및 봉사단 파견. KOICA 일반봉사단은 협력국의 경제사회발전을 풀뿌리 계층 대상 봉사활동을 통해 지원하며, 협력국의 수요에 기반한 공공행정, 교육, 농림수산, 보건, 기술환경에너지 등 49개 전문직종의 단원이 개인별 및 프로젝트 기반 팀별 봉사활동을 진행합니다. 중복 상태: 동일 사업 가능성 · 연도별 반복 레코드 통합.",not measured in legacy baseline
BASE-VNM-PA,lexical,4,베트남,공공행정,CPS-VNM-p32-01,VNM.pdf,32,81.0,,,Source Evidence,"□ 공공행정 분야 베트남 최고인민법원(법원아카데미) 협력사업 - (1차) 베트남 법관연수 선진화 지원사업(2008-2012, 300만불) - (2차) 베트남 법원연수원 역량강화 사업(2013-2017, 980만불) 사업명 * 베트남 법원연수원 역량강화 사후관리 사업(2017-2019/100만불) - (3차) 베트남 최고인민법원 재판절차의 투명성 강화 및 재판품질 향상 지 원사업(2019-2023/1,200만불) 추진 기관 한국국제협력단(KOICA) 중점협력분야 공공행정 분야 베트남 법관 역량강화 및 사법정보화를 통한 최고인민법원의 재판품질 향상 사업 목적 및 베트남 사법제도 개선 기여 사업 지역 - 사업지역: 베트남 하노이시 및 대상 - 사업대상: 베트남 최고인민법원, 법원 아카데미 - 사업기간: 16년(‘08-’23) 사업 기간 및 - 사업예산: 총사업비 2,580만불 예산 ※1~3차 사업 및 사후관리 사업을 모두 포함한 기간(예산)임. - 베트남 정부는 사회주의 시장경제체제의 지속적 발전을 뒷받침하기 위한 적절 한 사법시스템의 구축에 대한 의지가 높으나, 실질적으로는 사법부의 독립이 사업 추진 보장되어 있지 않고, 법원의 재판에 대한 국민의 신뢰 또한 높지 않은 편임. 배경 - 이에 공정한 법집행의 핵심인 ‘법관’ 교육을 체계적으로 실시하기 위한 물 적/인적 인프라 지원하고, 사법정보화 시스템 도입을 통해 사법부의 위상 강화 및 신뢰 확보를 위한 기반을 마련하고자 함.",not measured in legacy baseline
BASE-VNM-PA,lexical,5,베트남,공공행정,nan,KOICA 사업정보,nan,81.0,,,Source Evidence,"베트남 공공행정 KOICA 사업 사례. 원문 사업명 Senior Volunteers in Vietnam for Public sector policy and administrative management. 사업기간 2019–2024, 관측 연도 2019, 2020, 2021, 2022, 2024, 원자료 레코드 5건. 세부분야 공공정책 및 행정관리, 사업유형 전문가 및 봉사단 파견. WFK NIPA 자문단은 봉사정신을 지닌 퇴직(예정)자 등 국내 우수 퇴직인력을 활용하여, 협력국 정부부처 및 공공 기관에 파견되어 정보통신, 산업기술, 무역투자, 에너지자원, 지역발전 등의 분야에서 산업발전 자문 역할을 수행합니다. 중복 상태: 동일 사업 가능성 · 연도별 반복 레코드 통합.",not measured in legacy baseline
BASE-VNM-PA,lexical,6,베트남,공공행정,nan,KOICA 사업정보,nan,79.0,,,Source Evidence,"베트남 공공행정 KOICA 사업 사례. 원문 사업명 Global Partnership for Effective Development Co-operation Learning and Accelerating Programme. 사업기간 2021, 관측 연도 2021, 원자료 레코드 1건. 세부분야 공공정책 및 행정관리, 사업유형 기타 기술협력. GPEDC 이해관계자 대상 통계역량 강화, 데이터 기반 정책 수립 강의 등을 제공함으로써 부산파트너십 이행과 원조효과성 제고에 기여하고 데이터 역량강화를 통해 개발효과성 증진 및 SDG 목표 달성에 기여 중복 상태: 단일 원자료 레코드.",not measured in legacy baseline
BASE-VNM-PA,lexical,7,베트남,공공행정,CPS-VNM-p10-01,VNM.pdf,10,75.0,,,Source Evidence,"(4) 수원 체계 □ 베트남은 기획투자부(Ministry of Planning and Investment)가 ODA 주무 부처로 원조 계획과 조정을 담당 ㅇ 재무부는 원조예산 배분과 채무관리 담당, 중앙 은행은 다자 채무 담당, 외무부는 창구역할 수행 □ 베트남은 일본, 한국 등 주요 공여국과 WB, ADB 등 주요 다자금융 기구가 참석하는 원조 공여국 회의를 개최하여 동 회의에서 차년도 원조 규모를 양허 □ (원조 도입절차) 베트남 ODA 시행령*에 따라 절차 진행 * Decree 114 (114/2021/ND-CP, ’21. 12. 16자 개정) 유상원조 ① 사업제안서(Project Proposal) 총리 승인 - 사업담당부처(중앙 부처 또는 지방정부 등)가 사업제안서 작성 - 기획투자부* 및 재무부** 검토를 거쳐 총리가 승인 * 사업타당성 검토 및 유관부처 의견수렴 ** 증여율 및 공공부채 영향 등 검토 ② 투자정책(Investment Policy, I/P) 총리 승인 - 사업담당부처가 사전타당성조사(pre-F/S) 보고서 제출 - 평가주체(총리지정 위원회 또는 소관부처)의 검토 및 보완 요청 - 사업담당부처가 총리에게 최종 pre-F/S 제출시 총리가 투자정책 승인 - 투자정책 승인시 기획투자부가 원조공여기관에 차관지원 공식 요청 ③ 투자결정(Investment Decision, I/D) 소관부처 장관 승인 - 사업담당부처가 타당성조사(F/S) 보고서 자체 평가 및 보완 - 사업담당부처가 투자결정 승인 및 기획투자부, 재무부 및 원조 공여기관에 타당성조사 보고서와 함께 투자결정 승인 통지 - 투자결정 승인 이후 재무부가 차관공여계약 체결",not measured in legacy baseline
BASE-VNM-PA,lexical,8,베트남,공공행정,nan,KOICA 사업정보,nan,75.0,,,Source Evidence,"베트남 공공행정 KOICA 사업 사례. 원문 사업명 Capacity Building for High-level Strategic Leaders in Vietnam('23-'25)(2024). 사업기간 2023–2025, 관측 연도 2023, 2024, 원자료 레코드 2건. 세부분야 공공정책 및 행정관리, 사업유형 기타 기술협력. 베트남 국가 거버넌스의 디지털 전환과 디지털 경제 발전 모색을 위해, 한국의 디지털 거버넌스 전환 촉진을 통한 효율성 및 공공서비스 개선 사례 및 데이터 기반 혁신 및 경제활동의 디지털화 노력 등 경험을 공유하여 베트남 현지에서 적용 가능한 Action Plan 및 혁신 방안 마련 지원 중복 상태: 동일 사업 가능성 · 연도별 반복 레코드 통합.",not measured in legacy baseline
BASE-VNM-PA,lexical,9,베트남,공공행정,nan,KOICA 사업정보,nan,75.0,,,Source Evidence,"베트남 공공행정 KOICA 사업 사례. 원문 사업명 Capacity Building on implementation of the Agreement between the Government of the Republic of Korea and the Government of the Socialist Republic of Viet Nam on Social insurance for VSS officials and. 사업기간 2024, 관측 연도 2024, 원자료 레코드 1건. 세부분야 공공정책 및 행정관리, 사업유형 기타 기술협력. 한국의 사회보장제도와 사회보험협정 정책 및 운용 체계한베사회보험협정 운용 및 관리한베협력 및 기업협력사회보험 및 사회보험협정 전담기관의 이해한국 사회복지제도 발전과정 및 국민정보 관리 중복 상태: 단일 원자료 레코드.",not measured in legacy baseline
BASE-VNM-PA,lexical,10,베트남,공공행정,nan,KOICA 사업정보,nan,75.0,,,Source Evidence,"베트남 공공행정 KOICA 사업 사례. 원문 사업명 Ph.D Program in Trade and Industrial Policy for Sustainable and Inclusive Growth. 사업기간 2021–2024, 관측 연도 2021, 2022, 2023, 2024, 원자료 레코드 4건. 세부분야 통상정책 및 행정관리, 사업유형 개도국 유학생 및 연수생 지원. 참여 연수생의 포용적 지속성장을 구현할 수 있는 산업무역 분야에 대한 이해도 제고를 위한 박사학위 연수을 통해 연수생들 역량강화 및 파트너국 우수인재 양성 및 해당국가의 인적자원 강화 제고 지식확산 목적 달성 중복 상태: 동일 사업 가능성 · 연도별 반복 레코드 통합.",not measured in legacy baseline
BASE-VNM-PA,lexical,11,베트남,공공행정,nan,KODA_country_sector_summary_2019_2024.csv,nan,61.0,,,Derived Evidence,"2019~2024 공공행정 KOICA 사업 레코드 151건, 레코드 비중 27.2%, 활성연도 6, 주요 세부분야 공공정책 및 행정관리(86); 분권화 및 지방정부 지원(12); 운송정책 및 행정관리(9); 통상정책 및 행정관리(8); 금융정책 및 행정관리(7).",not measured in legacy baseline
BASE-VNM-PA,lexical,12,베트남,국가 실행환경,nan,KODA_policy_risk_scores_top50_v21.csv,nan,47.0,,,Derived Evidence,"베트남 정책정합성 97.9, 실행가능성 67.0, CPS 대상국 Y, KOICA 사무소 Y, 취약국가지수 63.9, 부패인식점수 37.0, 전자정부지수 0.667, 인간개발지수 0.704, 기업여건 70.0.",not measured in legacy baseline
BASE-VNM-PA,lexical,13,베트남,국가 개발여건,nan,World Development Indicators,nan,29.0,,,Supplementary Source,"베트남 소득수준 지표 GDP per capita, 최신연도 2025, 최신값 $5,066, 2019~2025 커버리지 7, 해석 방향: 값이 낮을수록 개선 필요 가능성이 큼.",not measured in legacy baseline
BASE-VNM-PA,lexical,14,베트남,국가 개발여건,nan,World Development Indicators,nan,29.0,,,Supplementary Source,"베트남 보건·생활여건 지표 Life expectancy, 최신연도 2024, 최신값 74.7 years, 2019~2025 커버리지 6, 해석 방향: 값이 낮을수록 개선 필요 가능성이 큼.",not measured in legacy baseline
BASE-VNM-PA,lexical,15,베트남,국가 개발여건,nan,World Development Indicators,nan,29.0,,,Supplementary Source,"베트남 교육 지표 Secondary enrollment, 최신연도 2022, 최신값 93.4%, 2019~2025 커버리지 4, 해석 방향: 값이 낮을수록 개선 필요 가능성이 큼.",not measured in legacy baseline
BASE-VNM-PA,lexical,16,베트남,국가 개발여건,nan,World Development Indicators,nan,29.0,,,Supplementary Source,"베트남 전력접근 지표 Access to electricity, 최신연도 2023, 최신값 99.8%, 2019~2025 커버리지 5, 해석 방향: 값이 낮을수록 개선 필요 가능성이 큼.",not measured in legacy baseline
